axis,arm,n,type,event,time,levels_tested,min_coverage,breakpoint_level,coverage_at_break,se_ratio_at_break,std_bias_at_break
base,correct,250,rd,1,0.477676,1,0.948,,,,
base,oracle,250,rd,1,0.477676,1,0.944,,,,
base,correct,500,rd,1,0.477676,1,0.963,,,,
base,oracle,500,rd,1,0.477676,1,0.964,,,,
base,correct,1000,rd,1,0.477676,1,0.952,,,,
base,oracle,1000,rd,1,0.477676,1,0.951,,,,
base,correct,2000,rd,1,0.477676,1,0.96,,,,
base,oracle,2000,rd,1,0.477676,1,0.956,,,,
base,correct,250,rd,1,3.11961,1,0.942,,,,
base,oracle,250,rd,1,3.11961,1,0.942,,,,
base,correct,500,rd,1,3.11961,1,0.956,,,,
base,oracle,500,rd,1,3.11961,1,0.954,,,,
base,correct,1000,rd,1,3.11961,1,0.943,,,,
base,oracle,1000,rd,1,3.11961,1,0.944,,,,
base,correct,2000,rd,1,3.11961,1,0.95,,,,
base,oracle,2000,rd,1,3.11961,1,0.95,,,,
base,correct,250,rd,1,8.608445,1,0.939,,,,
base,oracle,250,rd,1,8.608445,1,0.939,,,,
base,correct,500,rd,1,8.608445,1,0.949,,,,
base,oracle,500,rd,1,8.608445,1,0.947,,,,
base,correct,1000,rd,1,8.608445,1,0.944,,,,
base,oracle,1000,rd,1,8.608445,1,0.944,,,,
base,correct,2000,rd,1,8.608445,1,0.954,,,,
base,oracle,2000,rd,1,8.608445,1,0.952,,,,
base,correct,250,rd,2,0.477676,1,0.957,,,,
base,oracle,250,rd,2,0.477676,1,0.953,,,,
base,correct,500,rd,2,0.477676,1,0.958,,,,
base,oracle,500,rd,2,0.477676,1,0.951,,,,
base,correct,1000,rd,2,0.477676,1,0.954,,,,
base,oracle,1000,rd,2,0.477676,1,0.95,,,,
base,correct,2000,rd,2,0.477676,1,0.954,,,,
base,oracle,2000,rd,2,0.477676,1,0.95,,,,
base,correct,250,rd,2,3.11961,1,0.951,,,,
base,oracle,250,rd,2,3.11961,1,0.952,,,,
base,correct,500,rd,2,3.11961,1,0.946,,,,
base,oracle,500,rd,2,3.11961,1,0.946,,,,
base,correct,1000,rd,2,3.11961,1,0.939,,,,
base,oracle,1000,rd,2,3.11961,1,0.945,,,,
base,correct,2000,rd,2,3.11961,1,0.966,,,,
base,oracle,2000,rd,2,3.11961,1,0.962,,,,
base,correct,250,rd,2,8.608445,1,0.95,,,,
base,oracle,250,rd,2,8.608445,1,0.953,,,,
base,correct,500,rd,2,8.608445,1,0.943,,,,
base,oracle,500,rd,2,8.608445,1,0.946,,,,
base,correct,1000,rd,2,8.608445,1,0.921,,,,
base,oracle,1000,rd,2,8.608445,1,0.926,,,,
base,correct,2000,rd,2,8.608445,1,0.94,,,,
base,oracle,2000,rd,2,8.608445,1,0.942,,,,
base,correct,250,risk,1,0.477676,1,0.898,base,0.898,1.0123020810953116,-0.008554092670262413
base,oracle,250,risk,1,0.477676,1,0.905,,,,
base,correct,500,risk,1,0.477676,1,0.927,,,,
base,oracle,500,risk,1,0.477676,1,0.927,,,,
base,correct,1000,risk,1,0.477676,1,0.939,,,,
base,oracle,1000,risk,1,0.477676,1,0.939,,,,
base,correct,2000,risk,1,0.477676,1,0.94,,,,
base,oracle,2000,risk,1,0.477676,1,0.94,,,,
base,correct,250,risk,1,3.11961,1,0.928,,,,
base,oracle,250,risk,1,3.11961,1,0.93,,,,
base,correct,500,risk,1,3.11961,1,0.945,,,,
base,oracle,500,risk,1,3.11961,1,0.946,,,,
base,correct,1000,risk,1,3.11961,1,0.938,,,,
base,oracle,1000,risk,1,3.11961,1,0.939,,,,
base,correct,2000,risk,1,3.11961,1,0.924,,,,
base,oracle,2000,risk,1,3.11961,1,0.926,,,,
base,correct,250,risk,1,8.608445,1,0.934,,,,
base,oracle,250,risk,1,8.608445,1,0.928,,,,
base,correct,500,risk,1,8.608445,1,0.946,,,,
base,oracle,500,risk,1,8.608445,1,0.943,,,,
base,correct,1000,risk,1,8.608445,1,0.943,,,,
base,oracle,1000,risk,1,8.608445,1,0.938,,,,
base,correct,2000,risk,1,8.608445,1,0.936,,,,
base,oracle,2000,risk,1,8.608445,1,0.944,,,,
base,correct,250,risk,2,0.477676,1,0.899,base,0.899,0.9706896586973908,0.010998654688633553
base,oracle,250,risk,2,0.477676,1,0.903,,,,
base,correct,500,risk,2,0.477676,1,0.936,,,,
base,oracle,500,risk,2,0.477676,1,0.935,,,,
base,correct,1000,risk,2,0.477676,1,0.923,,,,
base,oracle,1000,risk,2,0.477676,1,0.927,,,,
base,correct,2000,risk,2,0.477676,1,0.934,,,,
base,oracle,2000,risk,2,0.477676,1,0.938,,,,
base,correct,250,risk,2,3.11961,1,0.939,,,,
base,oracle,250,risk,2,3.11961,1,0.933,,,,
base,correct,500,risk,2,3.11961,1,0.929,,,,
base,oracle,500,risk,2,3.11961,1,0.929,,,,
base,correct,1000,risk,2,3.11961,1,0.946,,,,
base,oracle,1000,risk,2,3.11961,1,0.944,,,,
base,correct,2000,risk,2,3.11961,1,0.968,,,,
base,oracle,2000,risk,2,3.11961,1,0.962,,,,
base,correct,250,risk,2,8.608445,1,0.934,,,,
base,oracle,250,risk,2,8.608445,1,0.936,,,,
base,correct,500,risk,2,8.608445,1,0.94,,,,
base,oracle,500,risk,2,8.608445,1,0.937,,,,
base,correct,1000,risk,2,8.608445,1,0.942,,,,
base,oracle,1000,risk,2,8.608445,1,0.945,,,,
base,correct,2000,risk,2,8.608445,1,0.938,,,,
base,oracle,2000,risk,2,8.608445,1,0.934,,,,
base,correct,250,rr,1,0.477676,1,0.877,base,0.877,0.27323197909055214,0.12154712503265573
base,oracle,250,rr,1,0.477676,1,0.88,base,0.88,0.2966343639317822,0.12817921908173457
base,correct,500,rr,1,0.477676,1,0.938,,,,
base,oracle,500,rr,1,0.477676,1,0.939,,,,
base,correct,1000,rr,1,0.477676,1,0.932,,,,
base,oracle,1000,rr,1,0.477676,1,0.931,,,,
base,correct,2000,rr,1,0.477676,1,0.934,,,,
base,oracle,2000,rr,1,0.477676,1,0.932,,,,
base,correct,250,rr,1,3.11961,1,0.932,,,,
base,oracle,250,rr,1,3.11961,1,0.938,,,,
base,correct,500,rr,1,3.11961,1,0.945,,,,
base,oracle,500,rr,1,3.11961,1,0.944,,,,
base,correct,1000,rr,1,3.11961,1,0.947,,,,
base,oracle,1000,rr,1,3.11961,1,0.945,,,,
base,correct,2000,rr,1,3.11961,1,0.946,,,,
base,oracle,2000,rr,1,3.11961,1,0.942,,,,
base,correct,250,rr,1,8.608445,1,0.937,,,,
base,oracle,250,rr,1,8.608445,1,0.939,,,,
base,correct,500,rr,1,8.608445,1,0.943,,,,
base,oracle,500,rr,1,8.608445,1,0.943,,,,
base,correct,1000,rr,1,8.608445,1,0.949,,,,
base,oracle,1000,rr,1,8.608445,1,0.944,,,,
base,correct,2000,rr,1,8.608445,1,0.962,,,,
base,oracle,2000,rr,1,8.608445,1,0.96,,,,
base,correct,250,rr,2,0.477676,1,0.903,,,,
base,oracle,250,rr,2,0.477676,1,0.899,base,0.899,0.36730025488355794,0.19440458695667423
base,correct,500,rr,2,0.477676,1,0.923,,,,
base,oracle,500,rr,2,0.477676,1,0.924,,,,
base,correct,1000,rr,2,0.477676,1,0.951,,,,
base,oracle,1000,rr,2,0.477676,1,0.949,,,,
base,correct,2000,rr,2,0.477676,1,0.95,,,,
base,oracle,2000,rr,2,0.477676,1,0.942,,,,
base,correct,250,rr,2,3.11961,1,0.943,,,,
base,oracle,250,rr,2,3.11961,1,0.944,,,,
base,correct,500,rr,2,3.11961,1,0.943,,,,
base,oracle,500,rr,2,3.11961,1,0.941,,,,
base,correct,1000,rr,2,3.11961,1,0.943,,,,
base,oracle,1000,rr,2,3.11961,1,0.94,,,,
base,correct,2000,rr,2,3.11961,1,0.968,,,,
base,oracle,2000,rr,2,3.11961,1,0.97,,,,
base,correct,250,rr,2,8.608445,1,0.949,,,,
base,oracle,250,rr,2,8.608445,1,0.951,,,,
base,correct,500,rr,2,8.608445,1,0.943,,,,
base,oracle,500,rr,2,8.608445,1,0.941,,,,
base,correct,1000,rr,2,8.608445,1,0.931,,,,
base,oracle,1000,rr,2,8.608445,1,0.935,,,,
base,correct,2000,rr,2,8.608445,1,0.936,,,,
base,oracle,2000,rr,2,8.608445,1,0.938,,,,
censoring,correct,250,rd,1,0.477676,5,0.945,,,,
censoring,oracle,250,rd,1,0.477676,2,0.987,,,,
censoring,correct,500,rd,1,0.477676,5,0.96,,,,
censoring,correct,250,rd,1,3.11961,5,0.939,,,,
censoring,oracle,250,rd,1,3.11961,2,0.971,,,,
censoring,correct,500,rd,1,3.11961,5,0.924,,,,
censoring,correct,250,rd,1,8.608445,5,0.895,CN4,0.895,0.85184320234545,0.01095557879500788
censoring,oracle,250,rd,1,8.608445,2,0.921,,,,
censoring,correct,500,rd,1,8.608445,5,0.854,CN3,0.874,0.8135120459446109,0.052723043048254564
censoring,correct,250,rd,2,0.477676,5,0.955,,,,
censoring,oracle,250,rd,2,0.477676,2,0.992,,,,
censoring,correct,500,rd,2,0.477676,5,0.946,,,,
censoring,correct,250,rd,2,3.11961,5,0.942,,,,
censoring,oracle,250,rd,2,3.11961,2,0.984,,,,
censoring,correct,500,rd,2,3.11961,5,0.932,,,,
censoring,correct,250,rd,2,8.608445,5,0.891,CN3,0.891,0.8339805482276633,0.0007871098382372316
censoring,oracle,250,rd,2,8.608445,2,0.928,,,,
censoring,correct,500,rd,2,8.608445,5,0.84,CN3,0.888,0.8076602935179691,-0.026058816744189483
censoring,correct,250,risk,1,0.477676,5,0.88,CN0,0.898,0.9901477603611157,-0.013341725392791243
censoring,oracle,250,risk,1,0.477676,2,0.956,,,,
censoring,correct,500,risk,1,0.477676,5,0.916,,,,
censoring,correct,250,risk,1,3.11961,5,0.917,,,,
censoring,oracle,250,risk,1,3.11961,2,0.965,,,,
censoring,correct,500,risk,1,3.11961,5,0.89,CN4,0.89,0.8646870756453464,-0.01702842806118229
censoring,correct,250,risk,1,8.608445,5,0.851,CN3,0.857,0.7610373237040774,0.07425605442921762
censoring,oracle,250,risk,1,8.608445,2,0.862,CN4,0.862,0.7999518554168549,0.05807046030156635
censoring,correct,500,risk,1,8.608445,5,0.808,CN3,0.876,0.7676606533594749,0.1375800174508633
censoring,correct,250,risk,2,0.477676,5,0.901,,,,
censoring,oracle,250,risk,2,0.477676,2,0.965,,,,
censoring,correct,500,risk,2,0.477676,5,0.916,,,,
censoring,correct,250,risk,2,3.11961,5,0.92,,,,
censoring,oracle,250,risk,2,3.11961,2,0.962,,,,
censoring,correct,500,risk,2,3.11961,5,0.918,,,,
censoring,correct,250,risk,2,8.608445,5,0.862,CN3,0.867,0.7721106525053143,0.04420658388340361
censoring,oracle,250,risk,2,8.608445,2,0.883,CN4,0.883,0.8289756509793424,0.017306429385713952
censoring,correct,500,risk,2,8.608445,5,0.81,CN3,0.846,0.7271922281172061,-0.03389312871542159
censoring,correct,250,rr,1,0.477676,5,0.882,CN0,0.885,0.5910415024063176,0.16159184441408198
censoring,oracle,250,rr,1,0.477676,2,0.963,,,,
censoring,correct,500,rr,1,0.477676,5,0.9,,,,
censoring,correct,250,rr,1,3.11961,5,0.934,,,,
censoring,oracle,250,rr,1,3.11961,2,0.946,,,,
censoring,correct,500,rr,1,3.11961,5,0.904,,,,
censoring,correct,250,rr,1,8.608445,5,0.887,CN3,0.896,0.8080109632210393,0.1270894694927009
censoring,oracle,250,rr,1,8.608445,2,0.91,,,,
censoring,correct,500,rr,1,8.608445,5,0.828,CN3,0.87,0.7740242578894786,0.12388108363240159
censoring,correct,250,rr,2,0.477676,5,0.89,CN1,0.89,0.4728018727594274,0.1895739474089444
censoring,oracle,250,rr,2,0.477676,2,0.969,,,,
censoring,correct,500,rr,2,0.477676,5,0.916,,,,
censoring,correct,250,rr,2,3.11961,5,0.934,,,,
censoring,oracle,250,rr,2,3.11961,2,0.964,,,,
censoring,correct,500,rr,2,3.11961,5,0.94,,,,
censoring,correct,250,rr,2,8.608445,5,0.902,,,,
censoring,oracle,250,rr,2,8.608445,2,0.923,,,,
censoring,correct,500,rr,2,8.608445,5,0.846,CN4,0.846,0.763077402253948,0.13460593636262708
max_updates,correct,250,rd,1,0.477676,1,0.47047047047047047,RA3@1000,0.47047047047047047,0.6601291943942496,0.09888538514110932
max_updates,correct,250,rd,1,3.11961,1,0.8948948948948949,RA3@1000,0.8948948948948949,0.9635073373774433,-0.026723916676144217
max_updates,correct,250,rd,1,8.608445,1,0.928928928928929,,,,
max_updates,correct,250,rd,2,0.477676,1,0.94994994994995,,,,
max_updates,correct,250,rd,2,3.11961,1,0.9369369369369369,,,,
max_updates,correct,250,rd,2,8.608445,1,0.9469469469469469,,,,
max_updates,correct,250,risk,1,0.477676,1,0.2502502502502503,RA3@1000,0.2982982982982983,0.5088463818792449,-0.07698427529194217
max_updates,correct,250,risk,1,3.11961,1,0.7417417417417418,RA3@1000,0.8568568568568569,0.8896878780047122,0.030015369542893987
max_updates,correct,250,risk,1,8.608445,1,0.8568568568568569,RA3@1000,0.8868868868868869,0.9307209058100717,0.09108920580660632
max_updates,correct,250,risk,2,0.477676,1,0.8988988988988988,RA3@1000,0.8988988988988988,0.9714906248974924,-0.022061736045213522
max_updates,correct,250,risk,2,3.11961,1,0.923923923923924,,,,
max_updates,correct,250,risk,2,8.608445,1,0.9469469469469469,,,,
max_updates,correct,250,rr,1,0.477676,1,0.5319148936170213,RA3@1000,0.5319148936170213,0.06836665128035374,0.06856228247782867
max_updates,correct,250,rr,1,3.11961,1,0.7340862422997947,RA3@1000,0.7340862422997947,0.04061488264668071,0.05984929292853737
max_updates,correct,250,rr,1,8.608445,1,0.8373493975903614,RA3@1000,0.8373493975903614,0.03418161239166167,0.05987774363995141
max_updates,correct,250,rr,2,0.477676,1,0.8788788788788788,RA3@1000,0.8788788788788788,0.10720191422727864,0.10450824345584799
max_updates,correct,250,rr,2,3.11961,1,0.924924924924925,,,,
max_updates,correct,250,rr,2,8.608445,1,0.943943943943944,,,,
min_nuisance,correct,250,rd,1,0.477676,6,0.848,OV3@0.025,0.886,0.7831244240071644,-0.014043187314587684
min_nuisance,correct,250,rd,1,3.11961,6,0.826,OV3@0.025,0.83,0.7989233885814632,0.11675056523946369
min_nuisance,correct,250,rd,1,8.608445,6,0.876,CN3@0.025,0.894,0.8370951502927625,0.07854302251637824
min_nuisance,correct,250,rd,2,0.477676,6,0.894,OV3@0.1,0.894,0.7564404605411733,-0.07146932205717374
min_nuisance,correct,250,rd,2,3.11961,6,0.848,OV3@0.025,0.868,0.7910455268930335,-0.13487171377200916
min_nuisance,correct,250,rd,2,8.608445,6,0.864,CN3@0.025,0.864,0.8088050540773297,0.018186625388394124
min_nuisance,correct,250,risk,1,0.477676,6,0.732,OV3@0.025,0.75,0.689930755808126,0.06521590905420052
min_nuisance,correct,250,risk,1,3.11961,6,0.798,CN3@0.025,0.88,0.8402297791855281,0.06103677187726077
min_nuisance,correct,250,risk,1,8.608445,6,0.822,CN3@0.025,0.852,0.7496179336174932,0.08133943463986752
min_nuisance,correct,250,risk,2,0.477676,6,0.77,CN3@0.025,0.884,0.9928299556338471,-0.044993064595692
min_nuisance,correct,250,risk,2,3.11961,6,0.788,OV3@0.025,0.796,0.6954190955781173,0.16014398452271061
min_nuisance,correct,250,risk,2,8.608445,6,0.814,CN3@0.025,0.858,0.752355674767678,0.043676771747634395
min_nuisance,correct,250,rr,1,0.477676,6,0.822,OV3@0.025,0.838,0.6319953400355719,0.29843814828135784
min_nuisance,correct,250,rr,1,3.11961,6,0.88,OV3@0.025,0.894,0.8120353756913707,0.28975776152956517
min_nuisance,correct,250,rr,1,8.608445,6,0.878,CN3@0.025,0.878,0.7905420793459339,0.13647526206854618
min_nuisance,correct,250,rr,2,0.477676,6,0.804,CN3@0.05,0.896,0.5095246981048546,0.24052520690630463
min_nuisance,correct,250,rr,2,3.11961,6,0.844,OV3@0.025,0.856,0.7317265477527342,0.1061710330107748
min_nuisance,correct,250,rr,2,8.608445,6,0.874,CN3@0.025,0.898,0.819977948186423,0.11106708321071174
nulleffect,correct,250,rd,1,0.477676,1,0.945,,,,
nulleffect,correct,500,rd,1,0.477676,1,0.96,,,,
nulleffect,correct,250,rd,1,3.11961,1,0.935,,,,
nulleffect,correct,500,rd,1,3.11961,1,0.942,,,,
nulleffect,correct,250,rd,1,8.608445,1,0.923,,,,
nulleffect,correct,500,rd,1,8.608445,1,0.954,,,,
nulleffect,correct,250,rd,2,0.477676,1,0.956,,,,
nulleffect,correct,500,rd,2,0.477676,1,0.96,,,,
nulleffect,correct,250,rd,2,3.11961,1,0.951,,,,
nulleffect,correct,500,rd,2,3.11961,1,0.928,,,,
nulleffect,correct,250,rd,2,8.608445,1,0.958,,,,
nulleffect,correct,500,rd,2,8.608445,1,0.944,,,,
nulleffect,correct,250,risk,1,0.477676,1,0.9,,,,
nulleffect,correct,500,risk,1,0.477676,1,0.934,,,,
nulleffect,correct,250,risk,1,3.11961,1,0.928,,,,
nulleffect,correct,500,risk,1,3.11961,1,0.928,,,,
nulleffect,correct,250,risk,1,8.608445,1,0.927,,,,
nulleffect,correct,500,risk,1,8.608445,1,0.95,,,,
nulleffect,correct,250,risk,2,0.477676,1,0.91,,,,
nulleffect,correct,500,risk,2,0.477676,1,0.922,,,,
nulleffect,correct,250,risk,2,3.11961,1,0.936,,,,
nulleffect,correct,500,risk,2,3.11961,1,0.944,,,,
nulleffect,correct,250,risk,2,8.608445,1,0.945,,,,
nulleffect,correct,500,risk,2,8.608445,1,0.952,,,,
nulleffect,correct,250,rr,1,0.477676,1,0.908,,,,
nulleffect,correct,500,rr,1,0.477676,1,0.95,,,,
nulleffect,correct,250,rr,1,3.11961,1,0.943,,,,
nulleffect,correct,500,rr,1,3.11961,1,0.962,,,,
nulleffect,correct,250,rr,1,8.608445,1,0.933,,,,
nulleffect,correct,500,rr,1,8.608445,1,0.954,,,,
nulleffect,correct,250,rr,2,0.477676,1,0.8878878878878879,NULL,0.8878878878878879,0.3341975941904227,0.17412999735714807
nulleffect,correct,500,rr,2,0.477676,1,0.926,,,,
nulleffect,correct,250,rr,2,3.11961,1,0.939,,,,
nulleffect,correct,500,rr,2,3.11961,1,0.94,,,,
nulleffect,correct,250,rr,2,8.608445,1,0.943,,,,
nulleffect,correct,500,rr,2,8.608445,1,0.94,,,,
overlap,correct,250,rd,1,0.477676,4,0.837,OV4,0.837,0.6456968813870145,0.02810295575509596
overlap,oracle,250,rd,1,0.477676,2,0.807,OV4,0.807,0.6209904966228492,-0.01681140627376721
overlap,correct,500,rd,1,0.477676,4,0.726,OV4,0.726,0.46561221090211075,-0.006350029552771182
overlap,correct,250,rd,1,3.11961,4,0.703,OV3,0.895,0.917068431293416,0.08840361912955773
overlap,oracle,250,rd,1,3.11961,2,0.709,OV4,0.709,0.6365371373978398,0.12238045265723578
overlap,correct,500,rd,1,3.11961,4,0.736,OV3,0.888,0.839963960831973,0.025003457564934658
overlap,correct,250,rd,1,8.608445,4,0.718,OV3,0.887,0.8452466864585101,0.08551914169673425
overlap,oracle,250,rd,1,8.608445,2,0.71,OV4,0.71,0.6420944051733488,0.12091406115046557
overlap,correct,500,rd,1,8.608445,4,0.732,OV3,0.896,0.8859286258472184,0.11810166431196809
overlap,correct,250,rd,2,0.477676,4,0.898,OV4,0.898,0.6966777028074721,-0.01682294315026994
overlap,oracle,250,rd,2,0.477676,2,0.854,OV4,0.854,0.6485848242361945,-0.049099397812646474
overlap,correct,500,rd,2,0.477676,4,0.804,OV4,0.804,0.4880184591237276,0.080410542424403
overlap,correct,250,rd,2,3.11961,4,0.762,OV4,0.762,0.6194893274032186,-0.006323254444838353
overlap,oracle,250,rd,2,3.11961,2,0.754,OV4,0.754,0.6354125210762722,-0.058015223075781705
overlap,correct,500,rd,2,3.11961,4,0.774,OV3,0.89,0.8289891324762652,-0.07041326767403124
overlap,correct,250,rd,2,8.608445,4,0.739,OV3,0.885,0.8486410879740476,-0.06334336490665378
overlap,oracle,250,rd,2,8.608445,2,0.734,OV3,0.888,0.9154246427113176,-0.07693208020142203
overlap,correct,500,rd,2,8.608445,4,0.77,OV3,0.892,0.857655098856372,-0.02757490001560534
overlap,correct,250,risk,1,0.477676,4,0.701,OV1,0.879,0.9476635044921707,0.0018501532528631462
overlap,oracle,250,risk,1,0.477676,2,0.688,OV3,0.881,1.2075581865968346,-0.022785176587701152
overlap,correct,500,risk,1,0.477676,4,0.624,OV1,0.898,0.9746396509418064,-0.022798797322865928
overlap,correct,250,risk,1,3.11961,4,0.604,OV2,0.887,0.9308926547330426,0.005961580402049559
overlap,oracle,250,risk,1,3.11961,2,0.584,OV3,0.844,0.9000217709298394,-0.06595273224856127
overlap,correct,500,risk,1,3.11961,4,0.634,OV3,0.816,0.810359036294594,-0.011166305075990977
overlap,correct,250,risk,1,8.608445,4,0.636,OV2,0.895,0.8650169679264106,0.030767259532132676
overlap,oracle,250,risk,1,8.608445,2,0.617,OV3,0.848,0.8679124106359569,-0.07777915059034919
overlap,correct,500,risk,1,8.608445,4,0.634,OV3,0.85,0.8349897927377975,-0.0744522611930035
overlap,correct,250,risk,2,0.477676,4,0.794,OV1,0.87,0.9342515217796644,0.04591684219405578
overlap,oracle,250,risk,2,0.477676,2,0.779,OV4,0.779,0.5106877360969349,0.2715358134457028
overlap,correct,500,risk,2,0.477676,4,0.73,OV3,0.848,0.7415470858062465,0.11262906984919993
overlap,correct,250,risk,2,3.11961,4,0.712,OV2,0.886,0.8822533893335555,0.0775166392971794
overlap,oracle,250,risk,2,3.11961,2,0.674,OV3,0.872,0.8622692869960631,0.15706608834763158
overlap,correct,500,risk,2,3.11961,4,0.654,OV3,0.836,0.7622694501831585,0.15980084314175902
overlap,correct,250,risk,2,8.608445,4,0.645,OV2,0.882,0.8438126372250178,0.07732346557360961
overlap,oracle,250,risk,2,8.608445,2,0.623,OV3,0.838,0.8285146119768177,0.1335974414863567
overlap,correct,500,risk,2,8.608445,4,0.644,OV3,0.84,0.7920696121449881,0.12511943995439395
overlap,correct,250,rr,1,0.477676,4,0.856,OV1,0.88,0.8179572678883688,0.2354896751040482
overlap,oracle,250,rr,1,0.477676,2,0.831,OV4,0.831,0.7495830143111784,0.4087371110082205
overlap,correct,500,rr,1,0.477676,4,0.796,OV2,0.892,0.86921929311716,0.279443739169742
overlap,correct,250,rr,1,3.11961,4,0.808,OV4,0.808,0.6251381936102726,0.35046148011204403
overlap,oracle,250,rr,1,3.11961,2,0.781,OV4,0.781,0.6442730341440474,0.3915838891915639
overlap,correct,500,rr,1,3.11961,4,0.776,OV3,0.888,0.8297989279363569,0.17205439103404357
overlap,correct,250,rr,1,8.608445,4,0.754,OV4,0.754,0.6025599149956692,0.2513726338044172
overlap,oracle,250,rr,1,8.608445,2,0.759,OV4,0.759,0.6355845956350544,0.2913178122945781
overlap,correct,500,rr,1,8.608445,4,0.762,OV4,0.762,0.6371200175653222,0.2795710901274257
overlap,correct,250,rr,2,0.477676,4,0.849,OV1,0.879,0.5472311043022856,0.21866569077265383
overlap,oracle,250,rr,2,0.477676,2,0.814,OV4,0.814,0.7762296908046694,0.307356678733889
overlap,correct,500,rr,2,0.477676,4,0.806,OV3,0.872,0.8991376536547132,0.2756451989461619
overlap,correct,250,rr,2,3.11961,4,0.767,OV3,0.879,0.8374494722389987,0.11505381298151125
overlap,oracle,250,rr,2,3.11961,2,0.754,OV3,0.884,0.899528738109094,0.09809445433169049
overlap,correct,500,rr,2,3.11961,4,0.772,OV3,0.874,0.8468704820776133,0.08646783892637644
overlap,correct,250,rr,2,8.608445,4,0.745,OV2,0.899,0.8384260122227615,0.11702393965432872
overlap,oracle,250,rr,2,8.608445,2,0.738,OV3,0.884,0.9067692534504298,0.07279831295859712
overlap,correct,500,rr,2,8.608445,4,0.752,OV3,0.878,0.8419996230350567,0.08205596519282554
rare,correct,250,rd,1,0.477676,3,0.47047047047047047,RA1,0.89,0.9665642840845923,0.047005967852294474
rare,oracle,250,rd,1,0.477676,1,0.47,RA3,0.47,0.7064734164729716,0.08467869989525677
rare,correct,500,rd,1,0.477676,3,0.726,RA3,0.726,0.8926918851685622,-0.023092008974832483
rare,correct,250,rd,1,3.11961,3,0.9029029029029029,,,,
rare,oracle,250,rd,1,3.11961,1,0.904,,,,
rare,correct,500,rd,1,3.11961,3,0.952,,,,
rare,correct,250,rd,1,8.608445,3,0.928928928928929,,,,
rare,oracle,250,rd,1,8.608445,1,0.936,,,,
rare,correct,500,rd,1,8.608445,3,0.946,,,,
rare,correct,250,rd,2,0.477676,3,0.94994994994995,,,,
rare,oracle,250,rd,2,0.477676,1,0.948,,,,
rare,correct,500,rd,2,0.477676,3,0.946,,,,
rare,correct,250,rd,2,3.11961,3,0.9369369369369369,,,,
rare,oracle,250,rd,2,3.11961,1,0.933,,,,
rare,correct,500,rd,2,3.11961,3,0.928,,,,
rare,correct,250,rd,2,8.608445,3,0.933,,,,
rare,oracle,250,rd,2,8.608445,1,0.942,,,,
rare,correct,500,rd,2,8.608445,3,0.934,,,,
rare,correct,250,risk,1,0.477676,3,0.2502502502502503,RA1,0.834,0.8943938771364565,0.016536792429716732
rare,oracle,250,risk,1,0.477676,1,0.248,RA3,0.298,0.5532019218852751,-0.013510480370427057
rare,correct,500,risk,1,0.477676,3,0.388,RA1,0.898,1.0086600102894505,-0.004703413032002324
rare,correct,250,risk,1,3.11961,3,0.7417417417417418,RA2,0.858,0.9135411174486734,0.028545989968638448
rare,oracle,250,risk,1,3.11961,1,0.742,RA3,0.861,0.8946086518364722,0.03129990104013454
rare,correct,500,risk,1,3.11961,3,0.86,RA3,0.86,0.9823670121747615,-0.011164886339334186
rare,correct,250,risk,1,8.608445,3,0.8578578578578578,RA2,0.891,0.9547749463772127,-0.008637107085186358
rare,oracle,250,risk,1,8.608445,1,0.853,RA3,0.89,0.9476530785370156,0.07959984442171862
rare,correct,500,risk,1,8.608445,3,0.9,,,,
rare,correct,250,risk,2,0.477676,3,0.891,RA1,0.891,0.9848590144251088,0.009532383909383185
rare,oracle,250,risk,2,0.477676,1,0.89,RA3,0.89,0.9436193436037511,0.04536461306625472
rare,correct,500,risk,2,0.477676,3,0.9,,,,
rare,correct,250,risk,2,3.11961,3,0.923923923923924,,,,
rare,oracle,250,risk,2,3.11961,1,0.929,,,,
rare,correct,500,risk,2,3.11961,3,0.934,,,,
rare,correct,250,risk,2,8.608445,3,0.935,,,,
rare,oracle,250,risk,2,8.608445,1,0.948,,,,
rare,correct,500,risk,2,8.608445,3,0.936,,,,
rare,correct,250,rr,1,0.477676,3,0.5446808510638298,RA1,0.7243186582809225,0.3884589882255218,0.3405859034167967
rare,oracle,250,rr,1,0.477676,1,0.286,RA3,0.286,0.2749716782830355,0.2673525014747979
rare,correct,500,rr,1,0.477676,3,0.6236263736263736,RA1,0.8537074148296593,0.3811166236944322,0.19115904096917974
rare,correct,250,rr,1,3.11961,3,0.7351129363449692,RA1,0.891,0.8846397939402006,0.18690775330973966
rare,oracle,250,rr,1,3.11961,1,0.718,RA3,0.718,0.23897750363820436,0.22168520994225682
rare,correct,500,rr,1,3.11961,3,0.8476953907815631,RA3,0.8476953907815631,0.28134815397531165,0.15744400963504623
rare,correct,250,rr,1,8.608445,3,0.8363453815261044,RA2,0.896,0.8395396878056496,0.18898438744737
rare,oracle,250,rr,1,8.608445,1,0.837,RA3,0.837,0.2018552170746751,0.14041664593152572
rare,correct,500,rr,1,8.608445,3,0.888,RA3,0.888,0.9433059845167959,0.17770706330072417
rare,correct,250,rr,2,0.477676,3,0.8788788788788788,RA1,0.888,0.3586161211915908,0.1785704833898355
rare,oracle,250,rr,2,0.477676,1,0.881,RA3,0.881,0.31972303131007174,0.15971017695930997
rare,correct,500,rr,2,0.477676,3,0.912,,,,
rare,correct,250,rr,2,3.11961,3,0.924924924924925,,,,
rare,oracle,250,rr,2,3.11961,1,0.919,,,,
rare,correct,500,rr,2,3.11961,3,0.928,,,,
rare,correct,250,rr,2,8.608445,3,0.937,,,,
rare,oracle,250,rr,2,8.608445,1,0.938,,,,
rare,correct,500,rr,2,8.608445,3,0.938,,,,
