cell,arm,n,n_bootstrap,type,event,time,group,cov_all,cov_convfilter,mode2_effect,cov_dropmode1,mode1_effect,cov_strict,both_effect,width_all,width_convfilter
BS12_n250_oracle,oracle,250,100,rd,1,0.477676,-1,0.912,0.9186991869918699,0.006699186991869888,0.9135802469135802,0.0015802469135801633,0.9135802469135802,0.0015802469135801633,0.0944333386294263,0.09257195546885989
BS12_n250_oracle,oracle,250,100,rd,1,3.11961,-1,0.928,0.928,0.0,0.9300411522633745,0.002041152263374424,0.9300411522633745,0.002041152263374424,0.2038168914733237,0.2038207946117234
BS12_n250_oracle,oracle,250,100,rd,1,8.608445,-1,0.928,0.928,0.0,0.9218106995884774,-0.006189300411522658,0.9218106995884774,-0.006189300411522658,0.253120483819329,0.25310296880343464
BS12_n250_oracle,oracle,250,100,rd,2,0.477676,-1,0.932,0.9392712550607287,0.007271255060728676,0.934156378600823,0.0021563786008229613,0.934156378600823,0.0021563786008229613,0.0935964490526049,0.091847897849034
BS12_n250_oracle,oracle,250,100,rd,2,3.11961,-1,0.964,0.964,0.0,0.9588477366255144,-0.0051522633744855995,0.9588477366255144,-0.0051522633744855995,0.2033333018850757,0.20333356451845036
BS12_n250_oracle,oracle,250,100,rd,2,8.608445,-1,0.944,0.944,0.0,0.934156378600823,-0.009843621399176938,0.934156378600823,-0.009843621399176938,0.2579267977903619,0.2578850976813262
BS12_n250_oracle,oracle,250,100,risk,1,0.477676,0,0.908,0.9156626506024096,0.00766265060240956,0.9135802469135802,0.005580246913580167,0.9135802469135802,0.005580246913580167,0.07647827709179608,0.07539049667388803
BS12_n250_oracle,oracle,250,100,risk,1,0.477676,1,0.912,0.9311740890688259,0.019174089068825895,0.9259259259259259,0.013925925925925897,0.9259259259259259,0.013925925925925897,0.050894601362884755,0.04872434830795108
BS12_n250_oracle,oracle,250,100,risk,1,3.11961,0,0.904,0.904,0.0,0.9053497942386831,0.0013497942386830886,0.9053497942386831,0.0013497942386830886,0.16134825047306658,0.16134887874727574
BS12_n250_oracle,oracle,250,100,risk,1,3.11961,1,0.948,0.948,0.0,0.9423868312757202,-0.005613168724279749,0.9423868312757202,-0.005613168724279749,0.12408148555089303,0.12408349297931319
BS12_n250_oracle,oracle,250,100,risk,1,8.608445,0,0.928,0.928,0.0,0.934156378600823,0.006156378600822965,0.934156378600823,0.006156378600822965,0.19203710138127628,0.19203866576151488
BS12_n250_oracle,oracle,250,100,risk,1,8.608445,1,0.928,0.928,0.0,0.9218106995884774,-0.006189300411522658,0.9218106995884774,-0.006189300411522658,0.16837099575043396,0.1683720222200291
BS12_n250_oracle,oracle,250,100,risk,2,0.477676,0,0.928,0.9433198380566802,0.015319838056680135,0.934156378600823,0.006156378600822965,0.934156378600823,0.006156378600822965,0.060689414439766595,0.0591828800360589
BS12_n250_oracle,oracle,250,100,risk,2,0.477676,1,0.912,0.916,0.0040000000000000036,0.9094650205761317,-0.0025349794238683776,0.9094650205761317,-0.0025349794238683776,0.06728681243689633,0.06567141935936471
BS12_n250_oracle,oracle,250,100,risk,2,3.11961,0,0.912,0.912,0.0,0.9259259259259259,0.013925925925925897,0.9259259259259259,0.013925925925925897,0.1373092249714752,0.1373102316144982
BS12_n250_oracle,oracle,250,100,risk,2,3.11961,1,0.936,0.936,0.0,0.9300411522633745,-0.005958847736625583,0.9300411522633745,-0.005958847736625583,0.15041775700536883,0.15041775700536883
BS12_n250_oracle,oracle,250,100,risk,2,8.608445,0,0.924,0.924,0.0,0.9218106995884774,-0.0021893004115226544,0.9218106995884774,-0.0021893004115226544,0.1757442528281975,0.17574640529029414
BS12_n250_oracle,oracle,250,100,risk,2,8.608445,1,0.924,0.924,0.0,0.9259259259259259,0.0019259259259258865,0.9259259259259259,0.0019259259259258865,0.18920437448489408,0.189199974669953
BS12_n250_oracle,oracle,250,100,rr,1,0.477676,-1,0.936,0.9471544715447154,0.011154471544715383,0.9465020576131687,0.010502057613168692,0.9465020576131687,0.010502057613168692,4.959701026656926,2.3610229486696452
BS12_n250_oracle,oracle,250,100,rr,1,3.11961,-1,0.92,0.92,0.0,0.9300411522633745,0.010041152263374431,0.9300411522633745,0.010041152263374431,0.6729435036862849,0.6729528956081152
BS12_n250_oracle,oracle,250,100,rr,1,8.608445,-1,0.944,0.944,0.0,0.9506172839506173,0.006617283950617336,0.9506172839506173,0.006617283950617336,0.46079699284335573,0.4608115022791837
BS12_n250_oracle,oracle,250,100,rr,2,0.477676,-1,0.936,0.9473684210526315,0.011368421052631472,0.9506172839506173,0.014617283950617233,0.9506172839506173,0.014617283950617233,13.694041552597026,4.599514051419769
BS12_n250_oracle,oracle,250,100,rr,2,3.11961,-1,0.956,0.956,0.0,0.9588477366255144,0.0028477366255144076,0.9588477366255144,0.0028477366255144076,1.4949093184405102,1.4949198749262191
BS12_n250_oracle,oracle,250,100,rr,2,8.608445,-1,0.936,0.936,0.0,0.934156378600823,-0.0018436213991770423,0.934156378600823,-0.0018436213991770423,1.0185413007779047,1.018416695080826
B_BASEb500_n250_oracle,oracle,250,500,rd,1,0.477676,-1,0.91,0.9278350515463918,0.017835051546391756,0.9278350515463918,0.017835051546391756,0.9278350515463918,0.017835051546391756,0.09750707211410754,0.09647225691260469
B_BASEb500_n250_oracle,oracle,250,500,rd,1,3.11961,-1,0.91,0.91,0.0,0.9278350515463918,0.017835051546391756,0.9278350515463918,0.017835051546391756,0.2102604017988355,0.2102640125993503
B_BASEb500_n250_oracle,oracle,250,500,rd,1,8.608445,-1,0.97,0.97,0.0,0.9690721649484536,-0.0009278350515463663,0.9690721649484536,-0.0009278350515463663,0.2613317523803854,0.26135423900144683
B_BASEb500_n250_oracle,oracle,250,500,rd,2,0.477676,-1,0.97,0.97,0.0,0.9690721649484536,-0.0009278350515463663,0.9690721649484536,-0.0009278350515463663,0.09716245618235449,0.09524117105457844
B_BASEb500_n250_oracle,oracle,250,500,rd,2,3.11961,-1,0.97,0.97,0.0,0.9690721649484536,-0.0009278350515463663,0.9690721649484536,-0.0009278350515463663,0.20954741637694888,0.20955431073285305
B_BASEb500_n250_oracle,oracle,250,500,rd,2,8.608445,-1,0.94,0.94,0.0,0.9484536082474226,0.008453608247422695,0.9484536082474226,0.008453608247422695,0.2646255415686851,0.2646068659228533
B_BASEb500_n250_oracle,oracle,250,500,risk,1,0.477676,0,0.93,0.9393939393939394,0.009393939393939399,0.9381443298969072,0.008144329896907165,0.9381443298969072,0.008144329896907165,0.07963501541497964,0.07906790870333037
B_BASEb500_n250_oracle,oracle,250,500,risk,1,0.477676,1,0.93,0.9489795918367347,0.0189795918367347,0.9484536082474226,0.018453608247422593,0.9484536082474226,0.018453608247422593,0.050952136802201856,0.04891988786692515
B_BASEb500_n250_oracle,oracle,250,500,risk,1,3.11961,0,0.87,0.87,0.0,0.8762886597938144,0.006288659793814433,0.8762886597938144,0.006288659793814433,0.16672045734503482,0.16672315018925588
B_BASEb500_n250_oracle,oracle,250,500,risk,1,3.11961,1,0.98,0.98,0.0,0.979381443298969,-0.0006185567010309478,0.979381443298969,-0.0006185567010309478,0.12861448881947887,0.12861646928042167
B_BASEb500_n250_oracle,oracle,250,500,risk,1,8.608445,0,0.94,0.94,0.0,0.9381443298969072,-0.0018556701030927325,0.9381443298969072,-0.0018556701030927325,0.1989810023932201,0.1989814128615973
B_BASEb500_n250_oracle,oracle,250,500,risk,1,8.608445,1,0.92,0.92,0.0,0.9381443298969072,0.018144329896907174,0.9381443298969072,0.018144329896907174,0.17296018861653792,0.1729698318707457
B_BASEb500_n250_oracle,oracle,250,500,risk,2,0.477676,0,0.96,0.96,0.0,0.9587628865979382,-0.0012371134020617847,0.9587628865979382,-0.0012371134020617847,0.06467550220384834,0.06225276143418058
B_BASEb500_n250_oracle,oracle,250,500,risk,2,0.477676,1,0.93,0.94,0.009999999999999898,0.9381443298969072,0.008144329896907165,0.9381443298969072,0.008144329896907165,0.06885802493055905,0.06740391926277639
B_BASEb500_n250_oracle,oracle,250,500,risk,2,3.11961,0,0.96,0.96,0.0,0.9587628865979382,-0.0012371134020617847,0.9587628865979382,-0.0012371134020617847,0.14092942251690943,0.1409078654162717
B_BASEb500_n250_oracle,oracle,250,500,risk,2,3.11961,1,0.92,0.92,0.0,0.9278350515463918,0.007835051546391747,0.9278350515463918,0.007835051546391747,0.15592389910589996,0.15592441104192117
B_BASEb500_n250_oracle,oracle,250,500,risk,2,8.608445,0,0.91,0.91,0.0,0.9072164948453608,-0.0027835051546392098,0.9072164948453608,-0.0027835051546392098,0.1823813274395165,0.1823825731545337
B_BASEb500_n250_oracle,oracle,250,500,risk,2,8.608445,1,0.96,0.96,0.0,0.9587628865979382,-0.0012371134020617847,0.9587628865979382,-0.0012371134020617847,0.19595459136933308,0.1959584866162435
B_BASEb500_n250_oracle,oracle,250,500,rr,1,0.477676,-1,0.94,0.9587628865979382,0.018762886597938233,0.9587628865979382,0.018762886597938233,0.9587628865979382,0.018762886597938233,5.309722225568599,2.3278425457225316
B_BASEb500_n250_oracle,oracle,250,500,rr,1,3.11961,-1,0.95,0.95,0.0,0.9484536082474226,-0.001546391752577314,0.9484536082474226,-0.001546391752577314,0.708819787421267,0.708822439637895
B_BASEb500_n250_oracle,oracle,250,500,rr,1,8.608445,-1,0.95,0.95,0.0,0.9484536082474226,-0.001546391752577314,0.9484536082474226,-0.001546391752577314,0.4771813797572143,0.4772491877922446
B_BASEb500_n250_oracle,oracle,250,500,rr,2,0.477676,-1,0.98,0.98,0.0,0.979381443298969,-0.0006185567010309478,0.979381443298969,-0.0006185567010309478,13.003797975550537,4.73874875150371
B_BASEb500_n250_oracle,oracle,250,500,rr,2,3.11961,-1,0.98,0.98,0.0,0.979381443298969,-0.0006185567010309478,0.979381443298969,-0.0006185567010309478,1.5759493866857244,1.5759871788799158
B_BASEb500_n250_oracle,oracle,250,500,rr,2,8.608445,-1,0.92,0.92,0.0,0.9278350515463918,0.007835051546391747,0.9278350515463918,0.007835051546391747,1.053139247057638,1.0529699323695823
B_OV2_n250_correct,correct,250,100,rd,1,0.477676,-1,0.84,0.7847222222222222,-0.05527777777777776,0.7338129496402878,-0.10618705035971221,0.7338129496402878,-0.10618705035971221,0.08267646266799197,0.07990265003657994
B_OV2_n250_correct,correct,250,100,rd,1,3.11961,-1,0.96,0.94,-0.020000000000000018,0.8273381294964028,-0.13266187050359712,0.8273381294964028,-0.13266187050359712,0.23785669525635142,0.23274065316667275
B_OV2_n250_correct,correct,250,100,rd,1,8.608445,-1,0.94,0.9333333333333333,-0.006666666666666599,0.8057553956834532,-0.13424460431654672,0.8057553956834532,-0.13424460431654672,0.297770921860913,0.2843013967686441
B_OV2_n250_correct,correct,250,100,rd,2,0.477676,-1,0.9333333333333333,0.8367346938775511,-0.09659863945578229,0.8273381294964028,-0.10599520383693051,0.8273381294964028,-0.10599520383693051,0.08152532403878908,0.07691481568698429
B_OV2_n250_correct,correct,250,100,rd,2,3.11961,-1,0.9133333333333333,0.88,-0.033333333333333326,0.7913669064748201,-0.12196642685851322,0.7913669064748201,-0.12196642685851322,0.23433591973946288,0.22582528369918228
B_OV2_n250_correct,correct,250,100,rd,2,8.608445,-1,0.9066666666666666,0.88,-0.026666666666666616,0.7841726618705036,-0.12249400479616301,0.7841726618705036,-0.12249400479616301,0.3004486482871651,0.2853987577515762
B_OV2_n250_correct,correct,250,100,risk,1,0.477676,0,0.7666666666666667,0.7602739726027398,-0.006392694063926951,0.6474820143884892,-0.11918465227817754,0.6474820143884892,-0.11918465227817754,0.0680536352653746,0.06660567153073477
B_OV2_n250_correct,correct,250,100,risk,1,0.477676,1,0.84,0.8040540540540541,-0.03594594594594591,0.7769784172661871,-0.06302158273381286,0.7769784172661871,-0.06302158273381286,0.04164429075524091,0.040309934856308044
B_OV2_n250_correct,correct,250,100,risk,1,3.11961,0,0.9533333333333334,0.9333333333333333,-0.020000000000000018,0.8273381294964028,-0.12599520383693052,0.8273381294964028,-0.12599520383693052,0.1954356046571559,0.19088465096063725
B_OV2_n250_correct,correct,250,100,risk,1,3.11961,1,0.94,0.9466666666666667,0.00666666666666671,0.8633093525179856,-0.07669064748201437,0.8633093525179856,-0.07669064748201437,0.1282453419237603,0.12938542046308438
B_OV2_n250_correct,correct,250,100,risk,1,8.608445,0,0.9466666666666667,0.9066666666666666,-0.040000000000000036,0.7985611510791367,-0.14810551558752993,0.7985611510791367,-0.14810551558752993,0.23300947490030954,0.22710285367438768
B_OV2_n250_correct,correct,250,100,risk,1,8.608445,1,0.94,0.9333333333333333,-0.006666666666666599,0.8057553956834532,-0.13424460431654672,0.8057553956834532,-0.13424460431654672,0.18494679982257523,0.18120956123992063
B_OV2_n250_correct,correct,250,100,risk,2,0.477676,0,0.8266666666666667,0.7905405405405406,-0.03612612612612609,0.6906474820143885,-0.13601918465227814,0.6906474820143885,-0.13601918465227814,0.05324526322857643,0.050559799475229164
B_OV2_n250_correct,correct,250,100,risk,2,0.477676,1,0.74,0.74,0.0,0.7050359712230215,-0.03496402877697846,0.7050359712230215,-0.03496402877697846,0.05674500990730145,0.05613019183043851
B_OV2_n250_correct,correct,250,100,risk,2,3.11961,0,0.9,0.8866666666666667,-0.013333333333333308,0.762589928057554,-0.13741007194244603,0.762589928057554,-0.13741007194244603,0.15686997385212909,0.1546386610175137
B_OV2_n250_correct,correct,250,100,risk,2,3.11961,1,0.9466666666666667,0.9266666666666666,-0.020000000000000018,0.8345323741007195,-0.1121342925659472,0.8345323741007195,-0.1121342925659472,0.16588953672646473,0.16622507289414354
B_OV2_n250_correct,correct,250,100,risk,2,8.608445,0,0.9333333333333333,0.9133333333333333,-0.020000000000000018,0.7769784172661871,-0.15635491606714624,0.7769784172661871,-0.15635491606714624,0.20921489177222152,0.20267128042218255
B_OV2_n250_correct,correct,250,100,risk,2,8.608445,1,0.9066666666666666,0.8933333333333333,-0.013333333333333308,0.8057553956834532,-0.1009112709832134,0.8057553956834532,-0.1009112709832134,0.21615341847559222,0.2101799579725165
B_OV2_n250_correct,correct,250,100,rr,1,0.477676,-1,0.9,0.8402777777777778,-0.05972222222222223,0.8129496402877698,-0.08705035971223019,0.8129496402877698,-0.08705035971223019,3.1351524424848662,2.5230554178122446
B_OV2_n250_correct,correct,250,100,rr,1,3.11961,-1,0.9466666666666667,0.9333333333333333,-0.013333333333333308,0.8129496402877698,-0.13371702637889682,0.8129496402877698,-0.13371702637889682,0.780048741664226,0.783460933745147
B_OV2_n250_correct,correct,250,100,rr,1,8.608445,-1,0.9466666666666667,0.9333333333333333,-0.013333333333333308,0.8345323741007195,-0.1121342925659472,0.8345323741007195,-0.1121342925659472,0.5401385890143483,0.5190968453085173
B_OV2_n250_correct,correct,250,100,rr,2,0.477676,-1,0.92,0.8231292517006803,-0.09687074829931974,0.8057553956834532,-0.11424460431654682,0.8057553956834532,-0.11424460431654682,5.495637359007648,4.10409593999203
B_OV2_n250_correct,correct,250,100,rr,2,3.11961,-1,0.9,0.8733333333333333,-0.026666666666666727,0.7697841726618705,-0.13021582733812953,0.7697841726618705,-0.13021582733812953,1.6649379290289572,1.6717482314779872
B_OV2_n250_correct,correct,250,100,rr,2,8.608445,-1,0.9333333333333333,0.9,-0.033333333333333326,0.7841726618705036,-0.14916067146282974,0.7841726618705036,-0.14916067146282974,1.1960266224627607,1.1557798235334553
B_OV3_n250_correct,correct,250,100,rd,1,0.477676,-1,0.92,0.7318840579710145,-0.18811594202898552,0.6792452830188679,-0.24075471698113216,0.6792452830188679,-0.24075471698113216,0.08088001851305644,0.0627682773759802
B_OV3_n250_correct,correct,250,100,rd,1,3.11961,-1,0.9466666666666667,0.8456375838926175,-0.1010290827740492,0.6509433962264151,-0.2957232704402516,0.6509433962264151,-0.2957232704402516,0.24966046406622985,0.21859336170849572
B_OV3_n250_correct,correct,250,100,rd,1,8.608445,-1,0.94,0.8733333333333333,-0.06666666666666665,0.6792452830188679,-0.26075471698113206,0.6792452830188679,-0.26075471698113206,0.31738521888609295,0.27482917618063757
B_OV3_n250_correct,correct,250,100,rd,2,0.477676,-1,0.9333333333333333,0.7669172932330827,-0.16641604010025068,0.7452830188679245,-0.18805031446540887,0.7452830188679245,-0.18805031446540887,0.07625897595554809,0.059514806504732926
B_OV3_n250_correct,correct,250,100,rd,2,3.11961,-1,0.92,0.831081081081081,-0.08891891891891901,0.6792452830188679,-0.24075471698113216,0.6792452830188679,-0.24075471698113216,0.25503485123400166,0.23079371367263912
B_OV3_n250_correct,correct,250,100,rd,2,8.608445,-1,0.94,0.8791946308724832,-0.06080536912751677,0.6981132075471698,-0.24188679245283018,0.6981132075471698,-0.24188679245283018,0.32729579806642173,0.2963440208268987
B_OV3_n250_correct,correct,250,100,risk,1,0.477676,0,0.88,0.7905405405405406,-0.08945945945945943,0.5754716981132075,-0.3045283018867925,0.5754716981132075,-0.3045283018867925,0.06768600403953778,0.06346977337541712
B_OV3_n250_correct,correct,250,100,risk,1,0.477676,1,0.8466666666666667,0.7876712328767124,-0.05899543378995431,0.7169811320754716,-0.12968553459119503,0.7169811320754716,-0.12968553459119503,0.037510069942643554,0.0335953775035831
B_OV3_n250_correct,correct,250,100,risk,1,3.11961,0,0.9266666666666666,0.8866666666666667,-0.039999999999999925,0.5849056603773585,-0.34176100628930817,0.5849056603773585,-0.34176100628930817,0.20725114987007284,0.19319482540658242
B_OV3_n250_correct,correct,250,100,risk,1,3.11961,1,0.92,0.8933333333333333,-0.026666666666666727,0.6509433962264151,-0.269056603773585,0.6509433962264151,-0.269056603773585,0.1255393444800683,0.11752705821187566
B_OV3_n250_correct,correct,250,100,risk,1,8.608445,0,0.9266666666666666,0.88,-0.046666666666666634,0.5849056603773585,-0.34176100628930817,0.5849056603773585,-0.34176100628930817,0.2548036263803354,0.2370618024356176
B_OV3_n250_correct,correct,250,100,risk,1,8.608445,1,0.9333333333333333,0.9066666666666666,-0.026666666666666727,0.6226415094339622,-0.3106918238993711,0.6226415094339622,-0.3106918238993711,0.18580855131009194,0.17510854459479808
B_OV3_n250_correct,correct,250,100,risk,2,0.477676,0,0.8266666666666667,0.8013698630136986,-0.025296803652968047,0.6226415094339622,-0.20402515723270442,0.6226415094339622,-0.20402515723270442,0.051575318880373734,0.045286347997491136
B_OV3_n250_correct,correct,250,100,risk,2,0.477676,1,0.84,0.782312925170068,-0.05768707482993196,0.6509433962264151,-0.1890566037735849,0.6509433962264151,-0.1890566037735849,0.05059970425169129,0.04687076015416723
B_OV3_n250_correct,correct,250,100,risk,2,3.11961,0,0.9266666666666666,0.88,-0.046666666666666634,0.6415094339622641,-0.2851572327044025,0.6415094339622641,-0.2851572327044025,0.17249759842492932,0.16020233516690918
B_OV3_n250_correct,correct,250,100,risk,2,3.11961,1,0.8866666666666667,0.84,-0.046666666666666745,0.6226415094339622,-0.2640251572327045,0.6226415094339622,-0.2640251572327045,0.17352981344148347,0.16325099451492447
B_OV3_n250_correct,correct,250,100,risk,2,8.608445,0,0.94,0.9333333333333333,-0.006666666666666599,0.6320754716981132,-0.30792452830188677,0.6320754716981132,-0.30792452830188677,0.22820272062548846,0.21239339412008126
B_OV3_n250_correct,correct,250,100,risk,2,8.608445,1,0.8933333333333333,0.8866666666666667,-0.006666666666666599,0.6698113207547169,-0.22352201257861637,0.6698113207547169,-0.22352201257861637,0.2263343373228608,0.21472559949921546
B_OV3_n250_correct,correct,250,100,rr,1,0.477676,-1,0.9333333333333333,0.7753623188405797,-0.15797101449275364,0.7169811320754716,-0.2163522012578617,0.7169811320754716,-0.2163522012578617,1.8109316257769972,1.70777615656093
B_OV3_n250_correct,correct,250,100,rr,1,3.11961,-1,0.9533333333333334,0.8926174496644296,-0.06071588366890379,0.6698113207547169,-0.2835220125786164,0.6698113207547169,-0.2835220125786164,0.866159499460898,0.820873877591582
B_OV3_n250_correct,correct,250,100,rr,1,8.608445,-1,0.9133333333333333,0.8666666666666667,-0.046666666666666634,0.6886792452830188,-0.2246540880503145,0.6886792452830188,-0.2246540880503145,0.6066053996240335,0.5431874288335875
B_OV3_n250_correct,correct,250,100,rr,2,0.477676,-1,0.9266666666666666,0.8120300751879699,-0.11463659147869676,0.7735849056603774,-0.15308176100628923,0.7735849056603774,-0.15308176100628923,3.3824468006554715,2.7375207248006865
B_OV3_n250_correct,correct,250,100,rr,2,3.11961,-1,0.9266666666666666,0.8581081081081081,-0.06855855855855852,0.7169811320754716,-0.209685534591195,0.7169811320754716,-0.209685534591195,1.62653042010282,1.6238098619427874
B_OV3_n250_correct,correct,250,100,rr,2,8.608445,-1,0.94,0.8859060402684564,-0.05409395973154352,0.660377358490566,-0.27962264150943394,0.660377358490566,-0.27962264150943394,1.203107602585875,1.1247698563302961
B_OV4_n250_correct,correct,250,100,rd,1,0.477676,-1,0.9266666666666666,0.6696428571428571,-0.25702380952380954,0.6285714285714286,-0.2980952380952381,0.6285714285714286,-0.2980952380952381,0.1301310949610759,0.07076353179123622
B_OV4_n250_correct,correct,250,100,rd,1,3.11961,-1,0.96,0.8194444444444444,-0.14055555555555554,0.5857142857142857,-0.3742857142857142,0.5857142857142857,-0.3742857142857142,0.344275512470177,0.2667024682014111
B_OV4_n250_correct,correct,250,100,rd,1,8.608445,-1,0.96,0.8843537414965986,-0.07564625850340134,0.6285714285714286,-0.3314285714285714,0.6285714285714286,-0.3314285714285714,0.42014230598775354,0.34584034097074157
B_OV4_n250_correct,correct,250,100,rd,2,0.477676,-1,0.92,0.7652173913043478,-0.1547826086956522,0.6142857142857143,-0.3057142857142857,0.6142857142857143,-0.3057142857142857,0.13013758384043594,0.07649710851211912
B_OV4_n250_correct,correct,250,100,rd,2,3.11961,-1,0.94,0.8413793103448276,-0.09862068965517234,0.5857142857142857,-0.3542857142857142,0.5857142857142857,-0.3542857142857142,0.34006083340340315,0.26299754528080904
B_OV4_n250_correct,correct,250,100,rd,2,8.608445,-1,0.9533333333333334,0.8590604026845637,-0.09427293064876963,0.5714285714285714,-0.38190476190476197,0.5714285714285714,-0.38190476190476197,0.4212426525771761,0.3486689415294026
B_OV4_n250_correct,correct,250,100,risk,1,0.477676,0,0.9266666666666666,0.8439716312056738,-0.08269503546099288,0.5142857142857142,-0.4123809523809524,0.5142857142857142,-0.4123809523809524,0.09887079064333568,0.08180626875324613
B_OV4_n250_correct,correct,250,100,risk,1,0.477676,1,0.84,0.7310344827586207,-0.10896551724137926,0.5571428571428572,-0.2828571428571428,0.5571428571428572,-0.2828571428571428,0.059539338693595546,0.04795321156787068
B_OV4_n250_correct,correct,250,100,risk,1,3.11961,0,0.9533333333333334,0.94,-0.01333333333333342,0.5285714285714286,-0.4247619047619048,0.5285714285714286,-0.4247619047619048,0.2652387808886577,0.23991338651290206
B_OV4_n250_correct,correct,250,100,risk,1,3.11961,1,0.9133333333333333,0.8333333333333334,-0.07999999999999996,0.5714285714285714,-0.34190476190476193,0.5714285714285714,-0.34190476190476193,0.1745945359279649,0.15215256662889004
B_OV4_n250_correct,correct,250,100,risk,1,8.608445,0,0.9733333333333334,0.9333333333333333,-0.040000000000000036,0.5428571428571428,-0.43047619047619057,0.5428571428571428,-0.43047619047619057,0.3106242831151902,0.28645639576575643
B_OV4_n250_correct,correct,250,100,risk,1,8.608445,1,0.9666666666666667,0.94,-0.026666666666666727,0.5571428571428572,-0.4095238095238095,0.5571428571428572,-0.4095238095238095,0.24089654357305013,0.2205862158075412
B_OV4_n250_correct,correct,250,100,risk,2,0.477676,0,0.8533333333333334,0.7943262411347518,-0.05900709219858158,0.4857142857142857,-0.3676190476190477,0.4857142857142857,-0.3676190476190477,0.08235659482730837,0.062355273276872784
B_OV4_n250_correct,correct,250,100,risk,2,0.477676,1,0.88,0.8014184397163121,-0.0785815602836879,0.5142857142857142,-0.36571428571428577,0.5142857142857142,-0.36571428571428577,0.07640427545477214,0.06613910703730703
B_OV4_n250_correct,correct,250,100,risk,2,3.11961,0,0.9333333333333333,0.8866666666666667,-0.046666666666666634,0.4857142857142857,-0.44761904761904764,0.4857142857142857,-0.44761904761904764,0.21959499199326757,0.19716086812686157
B_OV4_n250_correct,correct,250,100,risk,2,3.11961,1,0.92,0.8791946308724832,-0.040805369127516866,0.37142857142857144,-0.5485714285714286,0.37142857142857144,-0.5485714285714286,0.22400709531250604,0.20543167868277756
B_OV4_n250_correct,correct,250,100,risk,2,8.608445,0,0.9466666666666667,0.9,-0.046666666666666634,0.4857142857142857,-0.46095238095238095,0.4857142857142857,-0.46095238095238095,0.28034252761740824,0.2529055389341063
B_OV4_n250_correct,correct,250,100,risk,2,8.608445,1,0.9466666666666667,0.9133333333333333,-0.033333333333333326,0.38571428571428573,-0.5609523809523809,0.38571428571428573,-0.5609523809523809,0.27846641323584503,0.256741427397457
B_OV4_n250_correct,correct,250,100,rr,1,0.477676,-1,0.9333333333333333,0.7232142857142857,-0.21011904761904765,0.7142857142857143,-0.21904761904761905,0.7142857142857143,-0.21904761904761905,2.0376241042409036,1.344767661296297
B_OV4_n250_correct,correct,250,100,rr,1,3.11961,-1,0.9533333333333334,0.8263888888888888,-0.12694444444444453,0.6142857142857143,-0.33904761904761904,0.6142857142857143,-0.33904761904761904,1.1422129544784643,0.9703129827462056
B_OV4_n250_correct,correct,250,100,rr,1,8.608445,-1,0.98,0.9047619047619048,-0.07523809523809522,0.6857142857142857,-0.29428571428571426,0.6857142857142857,-0.29428571428571426,0.8413435039817194,0.7105993784222097
B_OV4_n250_correct,correct,250,100,rr,2,0.477676,-1,0.9333333333333333,0.7565217391304347,-0.1768115942028986,0.6285714285714286,-0.3047619047619048,0.6285714285714286,-0.3047619047619048,3.6933414367849142,2.628364522515945
B_OV4_n250_correct,correct,250,100,rr,2,3.11961,-1,0.9466666666666667,0.8758620689655172,-0.07080459770114944,0.6,-0.3466666666666667,0.6,-0.3466666666666667,2.0993540287208443,1.8314989540804656
B_OV4_n250_correct,correct,250,100,rr,2,8.608445,-1,0.92,0.8657718120805369,-0.054228187919463156,0.6142857142857143,-0.3057142857142857,0.6142857142857143,-0.3057142857142857,1.5788556447549766,1.3839861942867802
B_RA2_n250_correct,correct,250,100,rd,1,0.477676,-1,0.54,0.47297297297297297,-0.06702702702702706,0.49295774647887325,-0.04704225352112679,0.49295774647887325,-0.04704225352112679,0.028839728285406638,0.022331884935662728
B_RA2_n250_correct,correct,250,100,rd,1,3.11961,-1,0.9133333333333333,0.9090909090909091,-0.00424242424242427,0.9577464788732394,0.04441314553990605,0.9577464788732394,0.04441314553990605,0.08941617280515618,0.08714347472265396
B_RA2_n250_correct,correct,250,100,rd,1,8.608445,-1,0.9066666666666666,0.9066666666666666,0.0,0.9154929577464789,0.008826291079812254,0.9154929577464789,0.008826291079812254,0.1444114176463012,0.14274302589122206
B_RA2_n250_correct,correct,250,100,rd,2,0.477676,-1,0.94,0.9466666666666667,0.00666666666666671,0.9577464788732394,0.017746478873239435,0.9577464788732394,0.017746478873239435,0.09526845531634509,0.09290615647685892
B_RA2_n250_correct,correct,250,100,rd,2,3.11961,-1,0.9266666666666666,0.9266666666666666,0.0,0.9295774647887324,0.0029107981220657386,0.9295774647887324,0.0029107981220657386,0.21470570058035723,0.2146878661425171
B_RA2_n250_correct,correct,250,100,rd,2,8.608445,-1,0.94,0.94,0.0,0.9295774647887324,-0.01042253521126757,0.9295774647887324,-0.01042253521126757,0.273717232186428,0.2736101352269064
B_RA2_n250_correct,correct,250,100,risk,1,0.477676,0,0.54,0.525,-0.015000000000000013,0.38028169014084506,-0.15971830985915497,0.38028169014084506,-0.15971830985915497,0.019540724153693456,0.02115685646481276
B_RA2_n250_correct,correct,250,100,risk,1,0.477676,1,0.44666666666666666,0.019230769230769232,-0.42743589743589744,0.028169014084507043,-0.4184976525821596,0.028169014084507043,-0.4184976525821596,0.012939010705315904,0.015407594261191
B_RA2_n250_correct,correct,250,100,risk,1,3.11961,0,0.8266666666666667,0.8466666666666667,0.020000000000000018,0.9014084507042254,0.07474178403755871,0.9014084507042254,0.07474178403755871,0.07243207049630791,0.06999196302994584
B_RA2_n250_correct,correct,250,100,risk,1,3.11961,1,0.8466666666666667,0.9020979020979021,0.055431235431235404,0.8309859154929577,-0.01568075117370893,0.8309859154929577,-0.01568075117370893,0.046810484037680525,0.04545276435068516
B_RA2_n250_correct,correct,250,100,risk,1,8.608445,0,0.9133333333333333,0.9133333333333333,0.0,0.8591549295774648,-0.054178403755868576,0.8591549295774648,-0.054178403755868576,0.11818482122287752,0.11720023573739916
B_RA2_n250_correct,correct,250,100,risk,1,8.608445,1,0.8866666666666667,0.8933333333333333,0.006666666666666599,0.8732394366197183,-0.013427230046948457,0.8732394366197183,-0.013427230046948457,0.07825341796085011,0.07601622434914787
B_RA2_n250_correct,correct,250,100,risk,2,0.477676,0,0.9,0.9066666666666666,0.006666666666666599,0.9154929577464789,0.015492957746478853,0.9154929577464789,0.015492957746478853,0.06079156733332899,0.05844357606751397
B_RA2_n250_correct,correct,250,100,risk,2,0.477676,1,0.88,0.88,0.0,0.8450704225352113,-0.03492957746478875,0.8450704225352113,-0.03492957746478875,0.06977717772806914,0.06807842644789533
B_RA2_n250_correct,correct,250,100,risk,2,3.11961,0,0.9066666666666666,0.9066666666666666,0.0,0.8873239436619719,-0.01934272300469475,0.8873239436619719,-0.01934272300469475,0.14727449758494146,0.14726273819559613
B_RA2_n250_correct,correct,250,100,risk,2,3.11961,1,0.9266666666666666,0.9266666666666666,0.0,0.9436619718309859,0.01699530516431924,0.9436619718309859,0.01699530516431924,0.15656353853274949,0.15656204752005923
B_RA2_n250_correct,correct,250,100,risk,2,8.608445,0,0.9066666666666666,0.9066666666666666,0.0,0.8873239436619719,-0.01934272300469475,0.8873239436619719,-0.01934272300469475,0.19729145682214133,0.1972362866955587
B_RA2_n250_correct,correct,250,100,risk,2,8.608445,1,0.9533333333333334,0.9533333333333334,0.0,0.9295774647887324,-0.02375586854460099,0.9295774647887324,-0.02375586854460099,0.19367897684006408,0.19365183185410442
B_RA2_n250_correct,correct,250,100,rr,1,0.477676,-1,0.831858407079646,0.8918918918918919,0.06003348481224591,0.8918918918918919,0.06003348481224591,0.8918918918918919,0.06003348481224591,26.032827110386503,2.8423764427455174
B_RA2_n250_correct,correct,250,100,rr,1,3.11961,-1,0.9133333333333333,0.9370629370629371,0.023729603729603754,0.9577464788732394,0.04441314553990605,0.9577464788732394,0.04441314553990605,12.732456170866548,2.6209627669112345
B_RA2_n250_correct,correct,250,100,rr,1,8.608445,-1,0.9066666666666666,0.9066666666666666,0.0,0.9436619718309859,0.03699530516431926,0.9436619718309859,0.03699530516431926,3.687217090939795,1.7503279052853626
B_RA2_n250_correct,correct,250,100,rr,2,0.477676,-1,0.9333333333333333,0.9533333333333334,0.020000000000000018,0.971830985915493,0.03849765258215965,0.971830985915493,0.03849765258215965,18.918106056205584,5.318768071545462
B_RA2_n250_correct,correct,250,100,rr,2,3.11961,-1,0.9466666666666667,0.9466666666666667,0.0,0.9154929577464789,-0.03117370892018778,0.9154929577464789,-0.03117370892018778,1.3488538060651714,1.3486635255726287
B_RA2_n250_correct,correct,250,100,rr,2,8.608445,-1,0.9333333333333333,0.9333333333333333,0.0,0.9154929577464789,-0.017840375586854473,0.9154929577464789,-0.017840375586854473,0.710791814649393,0.7100307072915969
B_RA3_n250_correct,correct,250,100,rd,1,0.477676,-1,0.2483221476510067,0.1276595744680851,-0.12066257318292162,0.18181818181818182,-0.06650396583282489,0.18181818181818182,-0.06650396583282489,0.0147322219460794,0.004469126335221088
B_RA3_n250_correct,correct,250,100,rd,1,3.11961,-1,0.8657718120805369,0.9174311926605505,0.051659380580013625,0.9090909090909091,0.043319097010372176,0.9090909090909091,0.043319097010372176,0.06258883716791949,0.05922796370645672
B_RA3_n250_correct,correct,250,100,rd,1,8.608445,-1,0.87248322147651,0.8857142857142857,0.013231064237775647,0.8787878787878788,0.006304657311368755,0.8787878787878788,0.006304657311368755,0.10113444891455473,0.09841325293641125
B_RA3_n250_correct,correct,250,100,rd,2,0.477676,-1,0.8926174496644296,0.9041095890410958,0.011492139376666266,0.8939393939393939,0.0013219442749643484,0.8939393939393939,0.0013219442749643484,0.09312737173511242,0.09209989749314079
B_RA3_n250_correct,correct,250,100,rd,2,3.11961,-1,0.9395973154362416,0.9395973154362416,0.0,0.9545454545454546,0.014948139109212999,0.9545454545454546,0.014948139109212999,0.21587168719442928,0.21626978909438035
B_RA3_n250_correct,correct,250,100,rd,2,8.608445,-1,0.9328859060402684,0.9391891891891891,0.006303283148920702,0.9696969696969697,0.03681106365670128,0.9696969696969697,0.03681106365670128,0.27290645961281695,0.27507211296158446
B_RA3_n250_correct,correct,250,100,risk,1,0.477676,0,0.2684563758389262,0.0,-0.2684563758389262,0.0,-0.2684563758389262,0.0,-0.2684563758389262,0.007584781659476199,0.007781610161359312
B_RA3_n250_correct,correct,250,100,risk,1,0.477676,1,0.3221476510067114,0.0,-0.3221476510067114,0.0,-0.3221476510067114,0.0,-0.3221476510067114,0.008471331801614074,0.00832226566084222
B_RA3_n250_correct,correct,250,100,risk,1,3.11961,0,0.87248322147651,0.9496402877697842,0.07715706629327412,0.9090909090909091,0.03660768761439903,0.9090909090909091,0.03660768761439903,0.0475619920885487,0.04669654767648796
B_RA3_n250_correct,correct,250,100,risk,1,3.11961,1,0.7583892617449665,0.9327731092436975,0.17438384749873104,0.8636363636363636,0.10524710189139719,0.8636363636363636,0.10524710189139719,0.03007754018555246,0.03301650232261763
B_RA3_n250_correct,correct,250,100,risk,1,8.608445,0,0.8859060402684564,0.9041095890410958,0.01820354877263941,0.8333333333333334,-0.05257270693512306,0.8333333333333334,-0.05257270693512306,0.08132793152039776,0.07952155339068784
B_RA3_n250_correct,correct,250,100,risk,1,8.608445,1,0.912751677852349,0.972027972027972,0.05927629417562297,0.8787878787878788,-0.033963799064470224,0.8787878787878788,-0.033963799064470224,0.052261877100664045,0.0502394560427891
B_RA3_n250_correct,correct,250,100,risk,2,0.477676,0,0.8389261744966443,0.8707482993197279,0.03182212482308355,0.803030303030303,-0.03589587146634132,0.803030303030303,-0.03589587146634132,0.060253387674975845,0.058965858192368964
B_RA3_n250_correct,correct,250,100,risk,2,0.477676,1,0.9060402684563759,0.9060402684563759,0.0,0.9242424242424242,0.018202155786048335,0.9242424242424242,0.018202155786048335,0.06865210414821118,0.06760112227230373
B_RA3_n250_correct,correct,250,100,risk,2,3.11961,0,0.959731543624161,0.959731543624161,0.0,0.9393939393939394,-0.020337604230221573,0.9393939393939394,-0.020337604230221573,0.1486720479557173,0.14877464788606398
B_RA3_n250_correct,correct,250,100,risk,2,3.11961,1,0.8993288590604027,0.8993288590604027,0.0,0.9090909090909091,0.009762050030506342,0.9090909090909091,0.009762050030506342,0.15551718798584543,0.15558876296363008
B_RA3_n250_correct,correct,250,100,risk,2,8.608445,0,0.912751677852349,0.912751677852349,0.0,0.9090909090909091,-0.0036607687614399476,0.9090909090909091,-0.0036607687614399476,0.19772367861618886,0.19777678847501112
B_RA3_n250_correct,correct,250,100,risk,2,8.608445,1,0.9395973154362416,0.9395973154362416,0.0,0.9090909090909091,-0.030506406345332526,0.9090909090909091,-0.030506406345332526,0.19465744424339498,0.19483386670244643
B_RA3_n250_correct,correct,250,100,rr,1,0.477676,-1,0.8507462686567164,1.0,0.14925373134328357,1.0,0.14925373134328357,1.0,0.14925373134328357,49.94733736274235,2.7317233196381587
B_RA3_n250_correct,correct,250,100,rr,1,3.11961,-1,0.8611111111111112,0.9807692307692307,0.11965811965811957,0.9838709677419355,0.12275985663082434,0.9838709677419355,0.12275985663082434,6253.668503238228,2.883473184080219
B_RA3_n250_correct,correct,250,100,rr,1,8.608445,-1,0.8851351351351351,0.9280575539568345,0.04292241882169945,0.9538461538461539,0.06871101871101881,0.9538461538461539,0.06871101871101881,5710.96126774749,2.6466481815604705
B_RA3_n250_correct,correct,250,100,rr,2,0.477676,-1,0.8791946308724832,0.8835616438356164,0.004367012963133243,0.8939393939393939,0.014744763066910749,0.8939393939393939,0.014744763066910749,20.255680718392224,5.24353216724613
B_RA3_n250_correct,correct,250,100,rr,2,3.11961,-1,0.9328859060402684,0.9328859060402684,0.0,0.9545454545454546,0.021659548505186144,0.9545454545454546,0.021659548505186144,1.3068588330681188,1.3094766916957306
B_RA3_n250_correct,correct,250,100,rr,2,8.608445,-1,0.9328859060402684,0.9391891891891891,0.006303283148920702,0.9696969696969697,0.03681106365670128,0.9696969696969697,0.03681106365670128,0.6771670221116948,0.6821406081255467
