comparison,tier,quantity_label,unit,tolerance,expect,n=500,n=1000,n=2000,as_expected,shrink_ratio
gcomp (concrete) vs gcomp,1,point estimate,abs. difference,0.005,agree,0.0007934457764526724,0.00038808657486317995,0.00019010402207286534,True,0.239592959865235
tmle (concrete) vs tmle,1,point estimate,abs. difference,0.002,diverge,0.010599120292265767,0.007194522221775917,0.004878594697272643,True,0.46028298224264697
ate:AIPTW vs aipw,2,point estimate,abs. difference,0.01,agree,0.0001017272458216763,4.8849677568384395e-05,2.2931457469598083e-05,True,0.22542099989412856
ate:GFORMULA vs gcomp,2,point estimate,abs. difference,0.01,agree,0.00010209438013444827,4.8724090510080946e-05,2.3247269768545318e-05,True,0.2277037162861555
ate:IPTW vs ipw,2,point estimate,abs. difference,0.01,agree,1.6131810016094806e-05,6.791474606230141e-06,3.2155675310200423e-06,True,0.1993308579639762
tmle (concrete) vs tmle,1,standard error,abs. log ratio,0.002,agree,0.0006585690483368312,0.00033087401405304474,0.00015968272204819217,True,0.24246921784657116
ate:AIPTW vs aipw,2,standard error,abs. log ratio,0.01,agree,0.005996256823429329,0.003817821836487138,0.002401648011029059,True,0.40052454085105854
ate:IPTW vs ipw,2,standard error,abs. log ratio,0.01,diverge,0.13350812687949504,0.1304938895446684,0.12838880974112057,True,0.961655389390676
tmle (concrete) vs tmle,1,score (PnEIC),abs. difference,0.001,agree,2.232355484745844e-05,2.564627238632439e-06,2.3643829311342985e-06,True,0.10591426622196266
