cell,estimator,estimand,event,time,group,n_rep,n_used,truth,bias,bias_mc_se,rel_bias,emp_sd,mean_se,se_ratio,rmse,coverage,coverage_mc_se,miss_low,miss_high,ci_width,ci_width_mc_se,n_ci,n_error,frac_nonconverged,n_converged_known,n
n500,aipw,rd,1.0,1.605387,,500.0,500.0,-0.06676032309484575,-0.0010229710599651267,0.0014205950342769,0.015323039382415833,0.031765470651417924,0.030520434480528044,0.9608053604949718,0.03175017331045939,0.94,0.010620734437881408,0.034,0.026,0.11963790474869881,0.00033053759689018175,500.0,0.0,0.0,500.0,500
n500,aipw,rd,1.0,3.11961,,500.0,500.0,-0.10970149312307753,-0.00039938685717412546,0.001747608597941368,0.0036406692908549647,0.03907771623059998,0.03828542703845792,0.9797252943988151,0.0390406618777062,0.956,0.009172131704244116,0.028,0.016,0.150076116256227,0.0002852789983651767,500.0,0.0,0.0,500.0,500
n500,aipw,rd,1.0,5.420902,,500.0,500.0,-0.15036384983382675,-0.0021984387149826226,0.0020337457579669878,0.014620792945992054,0.045475937637660196,0.04395037062697149,0.9664533137756498,0.04548360050611478,0.934,0.01110351295761841,0.03,0.036,0.1722822870721024,0.0002559693424870306,500.0,0.0,0.0,500.0,500
n500,aipw,rd,2.0,1.605387,,500.0,500.0,0.02683608304896079,0.0006600892944438705,0.0013931078211792448,0.024597080477041976,0.031150837881434124,0.030409428967898736,0.9761993909647847,0.031126671347746132,0.938,0.010784804124322337,0.04,0.022,0.1192027711350211,0.0003553650266495284,500.0,0.0,0.0,500.0,500
n500,aipw,rd,2.0,3.11961,,500.0,500.0,0.049985468677064826,0.0014884001297846994,0.0017851149034509449,0.029776656479918777,0.03991638271764287,0.03838344182699494,0.9615961971932298,0.039904214175813045,0.942,0.010453324829928518,0.028,0.03,0.15046032716719673,0.0002941977582002591,500.0,0.0,0.0,500.0,500
n500,aipw,rd,2.0,5.420902,,500.0,500.0,0.08039718781145194,0.0016298746256754283,0.0021007637019913165,0.020272781549247988,0.046974504423166946,0.04433062149490611,0.9437166403195321,0.04695580207989154,0.924,0.01185107590052481,0.038,0.038,0.1737728430845863,0.0002629740836210051,500.0,0.0,0.0,500.0,500
n500,ate:AIPTW,rd,1.0,1.605387,,500.0,500.0,-0.06676032309484575,-0.000999526244267422,0.001420395832642408,0.014971860499347863,0.03176101636745839,0.030391686399751004,0.9568864562813433,0.03174497895865662,0.94,0.010620734437881408,0.034,0.026,0.11913322154589548,0.00032792210760676364,500.0,0.0,,0.0,500
n500,ate:AIPTW,rd,1.0,3.11961,,500.0,500.0,-0.10970149312307753,-0.0003207186825472762,0.0017468795298982633,0.0029235580429835344,0.03906141377355393,0.038149350515440765,0.9766505313043568,0.03902365075656231,0.956,0.009172131704244116,0.028,0.016,0.1495427060877169,0.00028349047776310784,500.0,0.0,,0.0,500
n500,ate:AIPTW,rd,1.0,5.420902,,500.0,500.0,-0.15036384983382675,-0.001995430912064723,0.0020316084775329054,0.013270682509592268,0.04542814659428431,0.04381558758119404,0.9645030859944183,0.04542654306141537,0.934,0.01110351295761841,0.03,0.036,0.17175394724120152,0.0002541443161735091,500.0,0.0,,0.0,500
n500,ate:AIPTW,rd,2.0,1.605387,,500.0,500.0,0.02683608304896079,0.0006607280860639788,0.001392997506715797,0.024620883936695266,0.03114837117504242,0.030279534340733945,0.9721065082528415,0.031124221217698134,0.938,0.010784804124322337,0.04,0.022,0.11869359355296459,0.00035151866954665,500.0,0.0,,0.0,500
n500,ate:AIPTW,rd,2.0,3.11961,,500.0,500.0,0.049985468677064826,0.00148846974195589,0.0017845291422649452,0.029778049128082993,0.039903284699338105,0.038249784358690295,0.9585622999934329,0.03989114096775819,0.938,0.010784804124322337,0.032,0.03,0.1499363995189129,0.0002911615082718805,500.0,0.0,,0.0,500
n500,ate:AIPTW,rd,2.0,5.420902,,500.0,500.0,0.08039718781145194,0.001619999832731236,0.0020989894361680126,0.02014995644537308,0.04693483063325632,0.0441903399063161,0.9415255005736493,0.04691584987376185,0.924,0.01185107590052481,0.038,0.038,0.17322294936192525,0.0002549298069494855,500.0,0.0,,0.0,500
n500,ate:GFORMULA,rd,1.0,1.605387,,500.0,500.0,-0.06676032309484575,-0.0015828772545437122,0.0008276469454144825,0.023709850120032128,0.018506748313168408,0.018154227278999877,0.9809517572615555,0.018555867914588627,0.946,0.010107818755794947,0.032,0.022,0.07116326326798866,0.00032759321318075164,500.0,0.0,,0.0,500
n500,ate:GFORMULA,rd,1.0,3.11961,,500.0,500.0,-0.10970149312307753,-0.0019515106703830237,0.0012396847795126517,0.017789280845918503,0.027720194376621283,0.027665219786555346,0.9980168035866192,0.02776113743746336,0.952,0.009559916317625384,0.022,0.026,0.10844566881206669,0.0003235270280042107,500.0,0.0,,0.0,500
n500,ate:GFORMULA,rd,1.0,5.420902,,500.0,500.0,-0.15036384983382675,-0.0025756734982070447,0.0016436315669406216,0.017129605959501082,0.03675271913643726,0.03630571557885755,0.9878375377908692,0.03680618063808527,0.95,0.00974679434480897,0.02,0.03,0.14231578993503105,0.000302667932666339,500.0,0.0,,0.0,500
n500,ate:GFORMULA,rd,2.0,1.605387,,500.0,500.0,0.02683608304896079,0.00047074077866152744,0.000771303618880637,0.017541337079732898,0.017246873231086948,0.017205864015418078,0.9976222231636195,0.01723604722253278,0.96,0.008763560920082661,0.012,0.028,0.0674457475862263,0.00033135391105943037,500.0,0.0,,0.0,500
n500,ate:GFORMULA,rd,2.0,3.11961,,500.0,500.0,0.049985468677064826,0.0005610360779962413,0.0012151807981035162,0.011223983546515496,0.027172268695119097,0.02735405815703368,1.0066902570394218,0.027150879970057752,0.962,0.008550555537507495,0.016,0.022,0.10722593763760017,0.00031781483726840487,500.0,0.0,,0.0,500
n500,ate:GFORMULA,rd,2.0,5.420902,,500.0,500.0,0.08039718781145194,0.000877579024109404,0.0016358332585162,0.010915543789510505,0.0365783436589721,0.03649794819402953,0.9978021020937385,0.03655228336681244,0.948,0.009929350431926557,0.026,0.026,0.14306932793981314,0.0002997728801808503,500.0,0.0,,0.0,500
n500,ate:IPTW,rd,1.0,1.605387,,500.0,500.0,-0.06676032309484575,-0.0010168694461239922,0.0014287172835480378,0.015231643571876301,0.03194708966642255,0.03046993444091545,0.9537624478182237,0.031931322060769644,0.942,0.010453324829928518,0.034,0.024,0.11943994823098171,0.0003388129825949398,500.0,0.0,,0.0,500
n500,ate:IPTW,rd,1.0,3.11961,,500.0,500.0,-0.10970149312307753,-0.0004363424983845915,0.0017555150975036378,0.0039775438415869625,0.039254510935453055,0.03841659763299385,0.9786543436030319,0.039217664263695474,0.95,0.00974679434480897,0.032,0.018,0.15059029553846925,0.000296671853571793,500.0,0.0,,0.0,500
n500,ate:IPTW,rd,1.0,5.420902,,500.0,500.0,-0.15036384983382675,-0.002540108401961266,0.0020766105112761403,0.01689307905303332,0.04643442266004043,0.04434241835442709,0.95494712358266,0.04645745846739195,0.934,0.01110351295761841,0.032,0.034,0.17381908592416984,0.0002661136436638685,500.0,0.0,,0.0,500
n500,ate:IPTW,rd,2.0,1.605387,,500.0,500.0,0.02683608304896079,0.0006731192084519677,0.0013958381508864415,0.025082617579618566,0.031211889909696918,0.03033641437044287,0.9719505758290511,0.031187927104255535,0.938,0.010784804124322337,0.038,0.024,0.11891655917230269,0.0003579502298831128,500.0,0.0,,0.0,500
n500,ate:IPTW,rd,2.0,3.11961,,500.0,500.0,0.049985468677064826,0.0014694078291610678,0.0017900373234006415,0.029396700042052144,0.040026451373856096,0.0384453401564922,0.9604983413943955,0.04001339444902044,0.942,0.010453324829928518,0.03,0.028,0.15070296416023238,0.00030398195482145485,500.0,0.0,,0.0,500
n500,ate:IPTW,rd,2.0,5.420902,,500.0,500.0,0.08039718781145194,0.0014206085811469783,0.002101872501689587,0.01766987900719363,0.046999297938154584,0.04461384340329211,0.9492448900406673,0.04697376147815811,0.924,0.01185107590052481,0.036,0.04,0.17488305256472478,0.00027295323681117683,500.0,0.0,,0.0,500
n500,gcomp,rd,1.0,1.605387,,500.0,500.0,-0.06676032309484575,-0.0016062753207337199,0.0008280772107371568,0.024060328744240796,0.018516369338267013,,,0.018567453837566708,,,,,,,0.0,0.0,,0.0,500
n500,gcomp,rd,1.0,3.11961,,500.0,500.0,-0.10970149312307753,-0.002029871236011499,0.001240908803718288,0.0185035880389898,0.02774756438992036,,,0.02779402547578198,,,,,,,0.0,0.0,,0.0,500
n500,gcomp,rd,1.0,5.420902,,500.0,500.0,-0.15036384983382675,-0.0027801959795925118,0.0016464733816163055,0.018489789817599245,0.03681626404438012,,,0.03688435865341958,,,,,,,0.0,0.0,,0.0,500
n500,gcomp,rd,2.0,1.605387,,500.0,500.0,0.02683608304896079,0.00047025020514294567,0.0007716110507374791,0.01752305671006469,0.017253747616390425,,,0.017242898783322802,,,,,,,0.0,0.0,,0.0,500
n500,gcomp,rd,2.0,3.11961,,500.0,500.0,0.049985468677064826,0.0005613106407150409,0.0012161765806253826,0.011229476397259248,0.027194535069216094,,,0.027173124991265587,,,,,,,0.0,0.0,,0.0,500
n500,gcomp,rd,2.0,5.420902,,500.0,500.0,0.08039718781145194,0.0008869312370964866,0.0016382280716771402,0.011031868915322313,0.036631893309184836,,,0.03660598944462515,,,,,,,0.0,0.0,,0.0,500
n500,gcomp (concrete),rd,1.0,1.605387,,500.0,500.0,-0.06676032309484575,-0.0012317329599611472,0.0008231175349129393,0.01845007487772694,0.01840546761537389,,,0.018428263123500013,,,,,,,0.0,0.0,0.0,500.0,500
n500,gcomp (concrete),rd,1.0,3.11961,,500.0,500.0,-0.10970149312307753,-0.0013017636330715102,0.0012320115702364714,0.01186641672790197,0.02754861620115007,,,0.02755182372630638,,,,,,,0.0,0.0,0.0,500.0,500
n500,gcomp (concrete),rd,1.0,5.420902,,500.0,500.0,-0.15036384983382675,-0.0015025086139470558,0.0016315506705040716,0.009992485664656362,0.03648258207982465,,,0.03647703893897784,,,,,,,0.0,0.0,0.0,500.0,500
n500,gcomp (concrete),rd,2.0,1.605387,,500.0,500.0,0.02683608304896079,0.00033168729745320166,0.000767336229386947,0.012359750744848214,0.017158159705075855,,,0.017144201819835496,,,,,,,0.0,0.0,0.0,500.0,500
n500,gcomp (concrete),rd,2.0,3.11961,,500.0,500.0,0.049985468677064826,0.00027138855758358164,0.001208103346932386,0.0054293490641632155,0.027014012075858268,,,0.02698834908783667,,,,,,,0.0,0.0,0.0,500.0,500
n500,gcomp (concrete),rd,2.0,5.420902,,500.0,500.0,0.08039718781145194,0.00031738205468260816,0.001624352487383241,0.00394767607328424,0.03632162581209797,,,0.03628667402779466,,,,,,,0.0,0.0,0.0,500.0,500
n500,ipw,rd,1.0,1.605387,,500.0,500.0,-0.06676032309484575,-0.0010136832554837908,0.0014286490983961026,0.01518391775970977,0.03194556500007471,0.0328766464858049,1.0291458762970074,0.03192969838050618,0.956,0.009172131704244116,0.022,0.022,0.12887408608926587,0.0004305819793248734,500.0,0.0,0.0,500.0,500
n500,ipw,rd,1.0,3.11961,,500.0,500.0,-0.10970149312307753,-0.0004258029997503767,0.0017553240882159245,0.0038814695008084804,0.03925023983793645,0.04378986934776107,1.115658643834246,0.03921328184270552,0.974,0.007116740827092135,0.018,0.008,0.1716531336186523,0.0004411140701560382,500.0,0.0,0.0,500.0,500
n500,ipw,rd,1.0,5.420902,,500.0,500.0,-0.15036384983382675,-0.0025116990537398026,0.0020761592367258804,0.016704141697060724,0.04642433185433146,0.05392263411693787,1.161516643602633,0.04644584785620143,0.976,0.006844559883586383,0.016,0.008,0.21137284164145803,0.0004503892881284659,500.0,0.0,0.0,500.0,500
n500,ipw,rd,2.0,1.605387,,500.0,500.0,0.02683608304896079,0.0006716723976413084,0.001395761368839049,0.025028704688977273,0.031210173010922704,0.03265642032177175,1.0463389712816682,0.031186181128550153,0.948,0.009929350431926557,0.032,0.02,0.12801081538934908,0.0004426366163377062,500.0,0.0,0.0,500.0,500
n500,ipw,rd,2.0,3.11961,,500.0,500.0,0.049985468677064826,0.0014638188904197462,0.0017898222321932006,0.02928488877191223,0.04002164178824409,0.04358811567329236,1.0891136326670108,0.040008388039855125,0.968,0.007870959280799264,0.016,0.016,0.17086227374723775,0.000430732743859908,500.0,0.0,0.0,500.0,500
n500,ipw,rd,2.0,5.420902,,500.0,500.0,0.08039718781145194,0.0014034176920870354,0.0021013205286834684,0.01745605450004471,0.04698695544652032,0.053847014817283,1.1459992311817409,0.04696092008667932,0.98,0.006260990336999414,0.012,0.008,0.21107641943373864,0.00045636047509086465,500.0,0.0,0.0,500.0,500
n500,tmle,rd,1.0,1.605387,,500.0,500.0,-0.06676032309484575,-0.000941716725226148,0.0013682150684905807,0.014105934207182612,0.03059421900984469,0.03047598357987094,0.9961353669483864,0.030578113982704495,0.952,0.009559916317625384,0.024,0.024,0.11946366041996223,0.0003299198155443217,500.0,0.0,0.0,500.0,500
n500,tmle,rd,1.0,3.11961,,500.0,500.0,-0.10970149312307753,-0.0005288248478814689,0.0016945034979665178,0.004820580220254284,0.037890250095643105,0.038239114906289125,1.0092072448655105,0.03785603473589776,0.96,0.008763560920082661,0.024,0.016,0.1498945760340308,0.00028501288488490376,500.0,0.0,0.0,500.0,500
n500,tmle,rd,1.0,5.420902,,500.0,500.0,-0.15036384983382675,-0.0019574516527447864,0.002016488993442966,0.013018100127843537,0.04509006465218599,0.04389951794157878,0.9735962518618945,0.04508746299638592,0.938,0.010784804124322337,0.028,0.034,0.17208294820832867,0.0002534651287193474,500.0,0.0,0.0,500.0,500
n500,tmle,rd,2.0,1.605387,,500.0,500.0,0.02683608304896079,0.0006601279654492178,0.0013410828881188078,0.024598521484855102,0.029987525012953997,0.03036675845904537,1.0126463736479603,0.029964794710134503,0.942,0.010453324829928518,0.036,0.022,0.1190355058139119,0.00035468707542227976,500.0,0.0,0.0,500.0,500
n500,tmle,rd,2.0,3.11961,,500.0,500.0,0.049985468677064826,0.0015648359181404036,0.0017311708545017443,0.03130581666144121,0.038710157113322985,0.038335861492422504,0.9903308162815062,0.03870307510600903,0.944,0.010282412168358165,0.03,0.026,0.15027381568292808,0.0002929320827976335,500.0,0.0,0.0,500.0,500
n500,tmle,rd,2.0,5.420902,,500.0,500.0,0.08039718781145194,0.0014717011589107476,0.0020896994187435684,0.0183053810583797,0.04672709952852417,0.04427912847609876,0.9476113202590059,0.04670354259570729,0.926,0.011706750189527404,0.036,0.038,0.173570994159951,0.0002592799559800821,500.0,0.0,0.0,500.0,500
n500,tmle (concrete),rd,1.0,1.605387,,500.0,500.0,-0.06676032309484575,-0.0009880599538665182,0.0009716669409266178,0.014800107430019338,0.021727133314011902,0.030482214809397005,1.4029561272005875,0.02172787260348308,0.988,0.004869496893930627,0.008,0.004,0.11948808639086315,0.0003302208986624124,500.0,0.0,0.0,500.0,500
n500,tmle (concrete),rd,1.0,3.11961,,500.0,500.0,-0.10970149312307753,-0.0006482422780488948,0.0013468583186333838,0.005909147264947539,0.03011666756525318,0.03825939439430975,1.2703727698761453,0.030093518504099036,0.984,0.00561141693336006,0.008,0.008,0.14997407016632144,0.0002853805710013643,500.0,0.0,0.0,500.0,500
n500,tmle (concrete),rd,1.0,5.420902,,500.0,500.0,-0.15036384983382675,-0.0011734372707825744,0.0017242745509671057,0.007803985280234497,0.038555951078353745,0.04394810598684653,1.1398527272102508,0.03853524615021625,0.972,0.0073778045514909145,0.014,0.014,0.17227340984593661,0.0002539882398384373,500.0,0.0,0.0,500.0,500
n500,tmle (concrete),rd,2.0,1.605387,,500.0,500.0,0.02683608304896079,0.00043432994527952394,0.0009225521375109748,0.01618455064724295,0.020628892922622735,0.030371612476707315,1.4722851386464952,0.02061283006450048,0.996,0.002822764602300377,0.002,0.002,0.11905453321350735,0.0003549391990745514,500.0,0.0,0.0,500.0,500
n500,tmle (concrete),rd,2.0,3.11961,,500.0,500.0,0.049985468677064826,0.000802060295903561,0.0013466897077628731,0.016045869272234628,0.030112897311571105,0.03835256813044656,1.273625972739239,0.030093459622424552,0.994,0.0034536936748935927,0.002,0.004,0.1503393045005878,0.00029340854641146647,500.0,0.0,0.0,500.0,500
n500,tmle (concrete),rd,2.0,5.420902,,500.0,500.0,0.08039718781145194,0.0006599459947335502,0.0017574005593841485,0.008208570631615378,0.03929667114479112,0.044319133980950894,1.1278088624263918,0.03926290151086265,0.982,0.005945754788082,0.012,0.006,0.173727812857338,0.0002599272595362381,500.0,0.0,0.0,500.0,500
n1000,aipw,rd,1.0,1.605387,,500.0,500.0,-0.06676032309484575,0.000856822289798443,0.0009596426867239127,-0.012834304120744948,0.021458262816252037,0.02159623321074516,1.0064297094165808,0.021453910446383843,0.956,0.009172131704244116,0.028,0.016,0.08465567858957666,0.00015818294374417448,500.0,0.0,0.0,500.0,1000
n1000,aipw,rd,1.0,3.11961,,500.0,500.0,-0.10970149312307753,-0.00025854233039137296,0.00127990328031194,0.0023567804141125612,0.02861950739402466,0.02707501263370142,0.9460334959977087,0.028592042515467188,0.938,0.010784804124322337,0.034,0.028,0.10613209928604349,0.00013601250701470233,500.0,0.0,0.0,500.0,1000
n1000,aipw,rd,1.0,5.420902,,500.0,500.0,-0.15036384983382675,-0.0001365051878008764,0.0013963297902641499,0.0009078324873414312,0.03122288330038663,0.031086236927497596,0.995623518444008,0.031191943485019972,0.952,0.009559916317625384,0.018,0.03,0.1218558095855487,0.00013005321620562346,500.0,0.0,0.0,500.0,1000
n1000,aipw,rd,2.0,1.605387,,500.0,500.0,0.02683608304896079,-0.0011758320714389074,0.0009737354698860083,-0.04381533882175256,0.021773387027678143,0.02153841684474317,0.9892083770597435,0.021783360690030663,0.948,0.009929350431926557,0.022,0.03,0.08442904259941489,0.00016649744183904502,500.0,0.0,0.0,500.0,1000
n1000,aipw,rd,2.0,3.11961,,500.0,500.0,0.049985468677064826,-0.0008768761371658806,0.0012242505372283595,-0.017542621093162295,0.02737507422733249,0.027158239179682957,0.9920791064948772,0.027361739917885163,0.952,0.009559916317625384,0.022,0.026,0.10645834135140643,0.00014892347069677718,500.0,0.0,0.0,500.0,1000
n1000,aipw,rd,2.0,5.420902,,500.0,500.0,0.08039718781145194,-0.000539144928704618,0.001398975425558619,-0.0067060172548450885,0.031282041504007686,0.031377022769824015,1.0030362873153327,0.0312553941851849,0.952,0.009559916317625384,0.014,0.034,0.12299566914189657,0.00012583769310664056,500.0,0.0,0.0,500.0,1000
n1000,ate:AIPTW,rd,1.0,1.605387,,500.0,500.0,-0.06676032309484575,0.0008677806667162783,0.0009595698167233698,-0.012998449175918915,0.021456633393504693,0.021551884584583757,1.0044392421370212,0.021452724433871348,0.956,0.009172131704244116,0.028,0.016,0.0844818351694963,0.00015692368534513443,500.0,0.0,,0.0,1000
n1000,ate:AIPTW,rd,1.0,3.11961,,500.0,500.0,-0.10970149312307753,-0.00022087494624602237,0.0012796146916824276,0.002013417866593811,0.02861305435609343,0.02703494078982354,0.9448463786273898,0.02858528033039849,0.938,0.010784804124322337,0.034,0.028,0.10597502054445394,0.00013473825453149522,500.0,0.0,,0.0,1000
n1000,ate:AIPTW,rd,1.0,5.420902,,500.0,500.0,-0.15036384983382675,-3.858191615890938e-05,0.0013955277347146053,0.00025659037196472314,0.031204948793081506,0.031053095698956503,0.9951336855211033,0.031173752101483324,0.952,0.009559916317625384,0.018,0.03,0.12172589835686076,0.00012704175233729754,500.0,0.0,,0.0,1000
n1000,ate:AIPTW,rd,2.0,1.605387,,500.0,500.0,0.02683608304896079,-0.0011754799458524613,0.0009737009663694468,-0.043802217473685345,0.021772615505593198,0.02149302300375466,0.9871585248099056,0.021782572058542348,0.946,0.010107818755794947,0.022,0.032,0.08425110201250004,0.00016662474395575319,500.0,0.0,,0.0,1000
n1000,ate:AIPTW,rd,2.0,3.11961,,500.0,500.0,0.049985468677064826,-0.0008765216621327005,0.0012240630023858516,-0.017535529531503242,0.027370880820772516,0.027111345421840374,0.9905178280292984,0.0273575414994716,0.948,0.009929350431926557,0.022,0.03,0.10627452119846399,0.0001478494948408224,500.0,0.0,,0.0,1000
n1000,ate:AIPTW,rd,2.0,5.420902,,500.0,500.0,0.08039718781145194,-0.0005424948791663888,0.001398407831715402,-0.006747684762788615,0.031269349719837254,0.03133434095950485,1.002078432722455,0.03124277497488987,0.952,0.009559916317625384,0.014,0.034,0.12282835951985548,0.00012397453511721636,500.0,0.0,,0.0,1000
n1000,ate:GFORMULA,rd,1.0,1.605387,,500.0,500.0,-0.06676032309484575,-0.00041857035665769844,0.0005924316972812679,0.006269747317774953,0.013247175471464924,0.012729169030890346,0.960896838598508,0.013240539407415052,0.934,0.01110351295761841,0.04,0.026,0.049897425707335394,0.00015596970308757237,500.0,0.0,,0.0,1000
n1000,ate:GFORMULA,rd,1.0,3.11961,,500.0,500.0,-0.10970149312307753,-0.0008783916960290201,0.0009141469263708974,0.008007107934652494,0.020440946687878218,0.01954468206284666,0.9561534679035655,0.020439378876701192,0.944,0.010282412168358165,0.028,0.028,0.07661374586493089,0.0001618254638266328,500.0,0.0,,0.0,1000
n1000,ate:GFORMULA,rd,1.0,5.420902,,500.0,500.0,-0.15036384983382675,-0.0009495468377959422,0.0011870112545105652,0.006314994188066648,0.026542378551429276,0.025634180658082817,0.9657831007275136,0.02653281934974507,0.95,0.00974679434480897,0.024,0.026,0.10048414172607115,0.0001517037215244695,500.0,0.0,,0.0,1000
n1000,ate:GFORMULA,rd,2.0,1.605387,,500.0,500.0,0.02683608304896079,3.0090707167646308e-05,0.0005080946419657647,0.001121277912009277,0.011361341584388673,0.012082270809017819,1.063454585822836,0.011350014444159217,0.974,0.007116740827092135,0.006,0.02,0.04736163127426909,0.00015625337362776392,500.0,0.0,,0.0,1000
n1000,ate:GFORMULA,rd,2.0,3.11961,,500.0,500.0,0.049985468677064826,0.00014440149063460456,0.0008163106418092799,0.002888869394573893,0.018253260858420318,0.019314939941130007,1.0581638037687897,0.018235570204742865,0.97,0.007628892449104264,0.012,0.018,0.07571317329633799,0.00016132122511664226,500.0,0.0,,0.0,1000
n1000,ate:GFORMULA,rd,2.0,5.420902,,500.0,500.0,0.08039718781145194,0.00024167686135944167,0.0010864305633022276,0.0030060362549772755,0.024293325923771696,0.025813521642046353,1.0625766814739477,0.02427022374793931,0.97,0.007628892449104264,0.01,0.02,0.10118714546511216,0.00015012149778957526,500.0,0.0,,0.0,1000
n1000,ate:IPTW,rd,1.0,1.605387,,500.0,500.0,-0.06676032309484575,0.0008630502342361669,0.0009575908202457367,-0.012927592231841653,0.021412381686992492,0.02160792928262759,1.0091324542264202,0.02140836203536477,0.954,0.009368457717255283,0.032,0.014,0.08470152634887695,0.00016211289138057174,500.0,0.0,,0.0,1000
n1000,ate:IPTW,rd,1.0,3.11961,,500.0,500.0,-0.10970149312307753,-0.00016946974785502167,0.0012853116855296978,0.0015448262647153605,0.028740443011192374,0.027205249644989132,0.9465842135556021,0.028712188323882167,0.946,0.010107818755794947,0.03,0.024,0.10664261898919955,0.0001430834541438626,500.0,0.0,,0.0,1000
n1000,ate:IPTW,rd,1.0,5.420902,,500.0,500.0,-0.15036384983382675,9.551891963510173e-05,0.0014118269656972402,-0.0006352518889391539,0.03156941067766293,0.03140577195138425,0.9948165416215873,0.031537970115685585,0.95,0.00974679434480897,0.02,0.03,0.12310836386278262,0.00013811012996538954,500.0,0.0,,0.0,1000
n1000,ate:IPTW,rd,2.0,1.605387,,500.0,500.0,0.02683608304896079,-0.0011848347229677083,0.000977474907251369,-0.044150806986476006,0.021857003389143634,0.02153533494362286,0.9852830491081616,0.02186725801922775,0.938,0.010784804124322337,0.024,0.038,0.08441696176901545,0.0001687314115571344,500.0,0.0,,0.0,1000
n1000,ate:IPTW,rd,2.0,3.11961,,500.0,500.0,0.049985468677064826,-0.0008470515349629883,0.0012330580813080655,-0.016945955642337446,0.027572016900102973,0.027249363535671145,0.9882977960734304,0.027557452349783133,0.946,0.010107818755794947,0.022,0.032,0.10681554226310892,0.00015367081926138186,500.0,0.0,,0.0,1000
n1000,ate:IPTW,rd,2.0,5.420902,,500.0,500.0,0.08039718781145194,-0.0005217505126472424,0.0014124794695054078,-0.006489661228833718,0.03158400110636933,0.03162892100834365,1.0014222359549392,0.03155671483587625,0.952,0.009559916317625384,0.014,0.034,0.12398309209243166,0.00013236209458746733,500.0,0.0,,0.0,1000
n1000,gcomp,rd,1.0,1.605387,,500.0,500.0,-0.06676032309484575,-0.00042951085362735595,0.0005925785778364505,0.006433624549976398,0.013250459820524536,,,0.013244169119193856,,,,,,,0.0,0.0,,0.0,1000
n1000,gcomp,rd,1.0,3.11961,,500.0,500.0,-0.10970149312307753,-0.0009159308345215656,0.0009146008540365241,0.008349301440172324,0.02045109681905031,,,0.020451156340744958,,,,,,,0.0,0.0,,0.0,1000
n1000,gcomp,rd,1.0,5.420902,,500.0,500.0,-0.15036384983382675,-0.001047239473863982,0.0011880634420361172,0.006964702453557349,0.026565906179751395,,,0.026559980928544915,,,,,,,0.0,0.0,,0.0,1000
n1000,gcomp,rd,2.0,1.605387,,500.0,500.0,0.02683608304896079,2.9699558517986168e-05,0.0005081978823201212,0.0011067024373043243,0.011363650108892297,,,0.011352319620831216,,,,,,,0.0,0.0,,0.0,1000
n1000,gcomp,rd,2.0,3.11961,,500.0,500.0,0.049985468677064826,0.00014408873629921702,0.0008166417053503066,0.002882612489443962,0.018260663664246394,,,0.018242962899368605,,,,,,,0.0,0.0,,0.0,1000
n1000,gcomp,rd,2.0,5.420902,,500.0,500.0,0.08039718781145194,0.00024506667231650645,0.001087227997885824,0.003048199557567095,0.024311157103136995,,,0.024288070171339302,,,,,,,0.0,0.0,,0.0,1000
n1000,gcomp (concrete),rd,1.0,1.605387,,500.0,500.0,-0.06676032309484575,-0.00024785774003464043,0.0005908290634829574,0.0037126503968908497,0.013211339490304314,,,0.013200448689537533,,,,,,,0.0,0.0,0.0,500.0,1000
n1000,gcomp (concrete),rd,1.0,3.11961,,500.0,500.0,-0.10970149312307753,-0.0005589336563912713,0.0009113245082387019,0.005095041466429141,0.020377835499833047,,,0.020365119055168482,,,,,,,0.0,0.0,0.0,500.0,1000
n1000,gcomp (concrete),rd,1.0,5.420902,,500.0,500.0,-0.15036384983382675,-0.0004216300409974523,0.001182627996806646,0.0028040652155648647,0.02644436592954065,,,0.0264212727234721,,,,,,,0.0,0.0,0.0,500.0,1000
n1000,gcomp (concrete),rd,2.0,1.605387,,500.0,500.0,0.02683608304896079,-3.749368305781528e-05,0.000506804553569795,-0.0013971369439202566,0.011332494330884952,,,0.011321218250713557,,,,,,,0.0,0.0,0.0,500.0,1000
n1000,gcomp (concrete),rd,2.0,3.11961,,500.0,500.0,0.049985468677064826,2.1333970110860023e-06,0.0008139566212931276,4.268034425902829e-05,0.018200623359474862,,,0.018182413751850934,,,,,,,0.0,0.0,0.0,500.0,1000
n1000,gcomp (concrete),rd,2.0,5.420902,,500.0,500.0,0.08039718781145194,-3.3963833460671945e-05,0.0010826551346134103,-0.0004224505158106297,0.02420890477184771,,,0.024184707599098017,,,,,,,0.0,0.0,0.0,500.0,1000
n1000,ipw,rd,1.0,1.605387,,500.0,500.0,-0.06676032309484575,0.0008645557612886673,0.0009575677986489554,-0.012950143456621701,0.021411866908438958,0.023246230560769198,1.0856704209947836,0.02140790893758826,0.968,0.007870959280799264,0.024,0.008,0.09112354935084395,0.00020245676303174982,500.0,0.0,0.0,500.0,1000
n1000,ipw,rd,1.0,3.11961,,500.0,500.0,-0.10970149312307753,-0.00016435127772723856,0.0012852383116888752,0.0014981681018949096,0.028738802322233876,0.030910670895480948,1.0755726891084392,0.028710519548435426,0.97,0.007628892449104264,0.018,0.012,0.12116760338622623,0.00021189555502953937,500.0,0.0,0.0,500.0,1000
n1000,ipw,rd,1.0,5.420902,,500.0,500.0,-0.15036384983382675,0.00010838893054013877,0.0014116820038091494,-0.0007208443429715574,0.03156616923130375,0.038038772018342694,1.2050487260462428,0.031534773536838555,0.986,0.0052543315464481325,0.006,0.008,0.14910924634416328,0.00022820768737628612,500.0,0.0,0.0,500.0,1000
n1000,ipw,rd,2.0,1.605387,,500.0,500.0,0.02683608304896079,-0.0011854797233247843,0.0009774488968415155,-0.044174841803923066,0.02185642177869808,0.02310979263630001,1.057345656589749,0.021866712802724262,0.96,0.008763560920082661,0.016,0.024,0.09058872251467395,0.00020489930149008898,500.0,0.0,0.0,500.0,1000
n1000,ipw,rd,2.0,3.11961,,500.0,500.0,0.049985468677064826,-0.0008497160973233822,0.0012329896085168392,-0.016999262381894267,0.027570485801945065,0.03080225591839428,1.1172184683166235,0.027556005541924875,0.974,0.007116740827092135,0.008,0.018,0.12074262448527703,0.00021731509425963478,500.0,0.0,0.0,500.0,1000
n1000,ipw,rd,2.0,5.420902,,500.0,500.0,0.08039718781145194,-0.0005306212826543599,0.0014123286608628647,-0.006599998048423991,0.031580628922606116,0.03804714490613714,1.2047621027237412,0.03155349441577996,0.978,0.006559878047646925,0.004,0.018,0.14914206746121075,0.0002204829063194209,500.0,0.0,0.0,500.0,1000
n1000,tmle,rd,1.0,1.605387,,500.0,500.0,-0.06676032309484575,0.0007156772129540636,0.0009302084624411357,-0.010720098102840333,0.020800093552639395,0.021581927287701703,1.0375879912791595,0.020791604023934648,0.962,0.008550555537507495,0.028,0.01,0.0845996004017151,0.00015809967297937406,500.0,0.0,0.0,500.0,1000
n1000,tmle,rd,1.0,3.11961,,500.0,500.0,-0.10970149312307753,-0.00021093813332293375,0.001244288044141432,0.001922837395533675,0.02782312650290501,0.02705980527149669,0.972565224424774,0.02779608984292488,0.95,0.00974679434480897,0.022,0.028,0.10607248752160121,0.00013569475430608865,500.0,0.0,0.0,500.0,1000
n1000,tmle,rd,1.0,5.420902,,500.0,500.0,-0.15036384983382675,-0.00010197543271798227,0.0013894990541460056,0.0006781911531972578,0.031070143397421295,0.031071063683455982,1.000029619626241,0.031039225217516748,0.95,0.00974679434480897,0.016,0.034,0.1217963315618483,0.00012961499953178466,500.0,0.0,0.0,500.0,1000
n1000,tmle,rd,2.0,1.605387,,500.0,500.0,0.02683608304896079,-0.001113737867329282,0.0009376415317644518,-0.04150150621077359,0.020966302035523427,0.021525621530612667,1.026677069429868,0.020974915052028874,0.952,0.009559916317625384,0.018,0.03,0.08437888588968155,0.0001667455020143566,500.0,0.0,0.0,500.0,1000
n1000,tmle,rd,2.0,3.11961,,500.0,500.0,0.049985468677064826,-0.0008767652200211729,0.0011905292644491306,-0.017540402105371576,0.026621043645110802,0.027143935724440262,1.0196420578509322,0.026608857962648887,0.956,0.009172131704244116,0.018,0.026,0.1064022728371461,0.00014882821357825333,500.0,0.0,0.0,500.0,1000
n1000,tmle,rd,2.0,5.420902,,500.0,500.0,0.08039718781145194,-0.0005786167269134382,0.0013885143902902738,-0.007196977191172585,0.031048125644257265,0.03136043495740684,1.010058878166365,0.031022458495841468,0.952,0.009559916317625384,0.014,0.034,0.12293064611205662,0.0001251403839483683,500.0,0.0,0.0,500.0,1000
n1000,tmle (concrete),rd,1.0,1.605387,,500.0,500.0,-0.06676032309484575,0.0002656423080396244,0.0006761968536120184,-0.003979044673918503,0.015120221308479474,0.021584415406318204,1.4275198071481656,0.015107429168074315,0.99,0.0044497190922574,0.006,0.004,0.0846093536474703,0.00015811594289891952,500.0,0.0,0.0,500.0,1000
n1000,tmle (concrete),rd,1.0,3.11961,,500.0,500.0,-0.10970149312307753,-0.0002511147813374629,0.0009998580600216402,0.002289073504730965,0.022357505900594526,0.027067131801792398,1.2106507730396097,0.02233654880657115,0.98,0.006260990336999414,0.01,0.01,0.10610120699262364,0.0001357914384471086,500.0,0.0,0.0,500.0,1000
n1000,tmle (concrete),rd,1.0,5.420902,,500.0,500.0,-0.15036384983382675,4.274338188084148e-06,0.0012271104094333668,-2.842663441251268e-05,0.02743902291390607,0.031087841956006775,1.1329791900225241,0.027411570490996857,0.98,0.006260990336999414,0.01,0.01,0.121862101181693,0.00012966119136654275,500.0,0.0,0.0,500.0,1000
n1000,tmle (concrete),rd,2.0,1.605387,,500.0,500.0,0.02683608304896079,-0.0005698789802644461,0.0006394323092491134,-0.021235549883518275,0.014298141104906853,0.021527075595742344,1.505585616885167,0.014295199454007717,0.996,0.002822764602300377,0.002,0.002,0.0843845857202522,0.00016679398895618134,500.0,0.0,0.0,500.0,1000
n1000,tmle (concrete),rd,2.0,3.11961,,500.0,500.0,0.049985468677064826,-0.0004691284748401414,0.0009247608224562656,-0.009385297112466504,0.02067828061940824,0.027149306781896358,1.3129383086335784,0.020662918194731116,0.984,0.00561141693336006,0.002,0.014,0.10642332699549177,0.0001488827048545853,500.0,0.0,0.0,500.0,1000
n1000,tmle (concrete),rd,2.0,5.420902,,500.0,500.0,0.08039718781145194,-0.000396911190675212,0.0011692183534189901,-0.004936879031217497,0.026144517187852358,0.03137413931687691,1.200027489184402,0.026121375268565377,0.982,0.005945754788082,0.002,0.016,0.12298436621404164,0.00012532061803091597,500.0,0.0,0.0,500.0,1000
n2000,aipw,rd,1.0,1.605387,,150.0,150.0,-0.06676032309484575,0.00032302461135564806,0.001306428569258417,-0.004838571720162739,0.016000416900386977,0.01527892163205788,0.9549077206662255,0.015950264269884558,0.9333333333333333,0.02036700308869262,0.04,0.02666666666666667,0.05989227224288676,0.00015483265716321044,150.0,0.0,0.0,150.0,2000
n2000,aipw,rd,1.0,3.11961,,150.0,150.0,-0.10970149312307753,8.903497994561805e-05,0.0016054288602720722,-0.0008116113774835036,0.019662407630022645,0.01910791192548562,0.9717991959595852,0.019596958927635487,0.9466666666666667,0.018346459947155818,0.02,0.03333333333333333,0.07490163838743041,0.00011435802716287432,150.0,0.0,0.0,150.0,2000
n2000,aipw,rd,1.0,5.420902,,150.0,150.0,-0.15036384983382675,0.0003186570399593563,0.0019215797490012712,-0.002119239699645342,0.02353444942559244,0.021977063219771373,0.9338252543045475,0.023458034515771182,0.94,0.019390719429665325,0.04666666666666667,0.013333333333333334,0.08614850479342356,0.00010716369270860902,150.0,0.0,0.0,150.0,2000
n2000,aipw,rd,2.0,1.605387,,150.0,150.0,0.02683608304896079,0.0010761490474115402,0.0011369439385677468,0.04010082415709372,0.013924662578206017,0.015267038361568685,1.0964027512927794,0.013919830572592825,0.9733333333333334,0.013154354299509981,0.02,0.006666666666666667,0.05984569067853203,0.00015752087059352926,150.0,0.0,0.0,150.0,2000
n2000,aipw,rd,2.0,3.11961,,150.0,150.0,0.049985468677064826,-0.0017748285442002066,0.0014971509589856542,-0.03550689012574095,0.01833627958716679,0.01921523957416906,1.0479355685445284,0.0183610376740005,0.9666666666666667,0.014656562175858798,0.013333333333333334,0.02,0.07532235503936024,0.00012725946083316745,150.0,0.0,0.0,150.0,2000
n2000,aipw,rd,2.0,5.420902,,150.0,150.0,0.08039718781145194,0.00022810273183375844,0.0016834173975434936,0.0028371978926515014,0.020617568240527694,0.02221211587080611,1.0773392677388614,0.020549994084542555,0.9533333333333334,0.017221863795553384,0.02,0.02666666666666667,0.08706989425442103,0.0001150171393303321,150.0,0.0,0.0,150.0,2000
n2000,ate:AIPTW,rd,1.0,1.605387,,150.0,150.0,-0.06676032309484575,0.00032808267760444255,0.0013063981458491481,-0.00491433627632896,0.016000044291242257,0.015261310019326641,0.9538292358153053,0.01594999622098952,0.9333333333333333,0.02036700308869262,0.04,0.02666666666666667,0.05982323598956098,0.00015391446514454683,150.0,0.0,,0.0,2000
n2000,ate:AIPTW,rd,1.0,3.11961,,150.0,150.0,-0.10970149312307753,0.00010629933507772378,0.0016052667063796685,-0.0009689871309086308,0.019660421658541666,0.01909092863251963,0.9710335293966285,0.019595065658008937,0.9466666666666667,0.018346459947155818,0.02,0.03333333333333333,0.07483506510232595,0.00011519720348793606,150.0,0.0,,0.0,2000
n2000,ate:AIPTW,rd,1.0,5.420902,,150.0,150.0,-0.15036384983382675,0.00036467166147703624,0.0019211000238528154,-0.0024252615364667093,0.02352857401643995,0.02196467451118112,0.9335319044763997,0.023452849621445372,0.94,0.019390719429665325,0.04666666666666667,0.013333333333333334,0.0860999419481198,0.0001102245803325428,150.0,0.0,,0.0,2000
n2000,ate:AIPTW,rd,2.0,1.605387,,150.0,150.0,0.02683608304896079,0.0010763488146356903,0.0011369065740123366,0.04010826813555308,0.013924204957729912,0.015250796598503567,1.0952723437209395,0.013919391291202551,0.9733333333333334,0.013154354299509981,0.02,0.006666666666666667,0.05978202413722589,0.00015708159889889589,150.0,0.0,,0.0,2000
n2000,ate:AIPTW,rd,2.0,3.11961,,150.0,150.0,0.049985468677064826,-0.0017748650068658911,0.0014970093455866406,-0.03550761959105656,0.01833454518432517,0.0191987792053532,1.0471369217146926,0.018359320682636508,0.9666666666666667,0.014656562175858798,0.013333333333333334,0.02,0.07525783157925756,0.00012593343740588926,150.0,0.0,,0.0,2000
n2000,ate:AIPTW,rd,2.0,5.420902,,150.0,150.0,0.08039718781145194,0.00022649929761998404,0.0016830301459083122,0.002817253983449916,0.020612825395986432,0.022196177295873955,1.0768139189786092,0.020545249627717095,0.9533333333333334,0.017221863795553384,0.02,0.02666666666666667,0.08700741618875718,0.00011447033612931871,150.0,0.0,,0.0,2000
n2000,ate:GFORMULA,rd,1.0,1.605387,,150.0,150.0,-0.06676032309484575,0.000326119470567486,0.0007804284279346758,-0.004884929482803299,0.009558257146011944,0.008984710501338327,0.9399946417100818,0.009531923470488158,0.9466666666666667,0.018346459947155818,0.04,0.013333333333333334,0.03521941798828385,0.0001498435934103467,150.0,0.0,,0.0,2000
n2000,ate:GFORMULA,rd,1.0,3.11961,,150.0,150.0,-0.10970149312307753,0.000908752388087965,0.0011822116774188056,-0.00828386526214741,0.014479076888179298,0.013740098253573153,0.9489623102140271,0.014459317894922918,0.9266666666666666,0.02128466671190877,0.05333333333333334,0.02,0.053860195442090156,0.00013452946678777433,150.0,0.0,,0.0,2000
n2000,ate:GFORMULA,rd,1.0,5.420902,,150.0,150.0,-0.15036384983382675,0.00047375587114466787,0.0015493470283017335,-0.003150729857397472,0.018975548269183472,0.018112726785688378,0.9545298258972402,0.01891812359953937,0.9266666666666666,0.02128466671190877,0.05333333333333334,0.02,0.07100058432352631,0.00012541129853417483,150.0,0.0,,0.0,2000
n2000,ate:GFORMULA,rd,2.0,1.605387,,150.0,150.0,0.02683608304896079,0.00044501563023720286,0.0007096698235577755,0.016582734127976093,0.008691644767837594,0.008537678374154858,0.9822857010617289,0.00867404729194887,0.94,0.019390719429665325,0.04,0.02,0.03346708424986,0.00015013126012228736,150.0,0.0,,0.0,2000
n2000,ate:GFORMULA,rd,2.0,3.11961,,150.0,150.0,0.049985468677064826,0.00037044150292918576,0.0010980303475494025,0.007410983886586182,0.013448070367934549,0.013598773610857193,1.0112063098124455,0.01340828672440563,0.9466666666666667,0.018346459947155818,0.03333333333333333,0.02,0.05330621302238758,0.00013522249282826577,150.0,0.0,,0.0,2000
n2000,ate:GFORMULA,rd,2.0,5.420902,,150.0,150.0,0.08039718781145194,0.0006327021989044305,0.0014591486857410867,0.00786970559701974,0.017870848694591733,0.01822257339069947,1.0196814769191225,0.01782241370438891,0.9466666666666667,0.018346459947155818,0.03333333333333333,0.02,0.07143117510281777,0.00012837694687548875,150.0,0.0,,0.0,2000
n2000,ate:IPTW,rd,1.0,1.605387,,150.0,150.0,-0.06676032309484575,0.00021247832314902617,0.0013161584072474328,-0.003182703637415898,0.016119582592152158,0.015302102874745411,0.9492865455582741,0.016067165805768453,0.94,0.019390719429665325,0.03333333333333333,0.02666666666666667,0.059983141044455644,0.00015801233360699686,150.0,0.0,,0.0,2000
n2000,ate:IPTW,rd,1.0,3.11961,,150.0,150.0,-0.10970149312307753,-0.00011059755191973589,0.0016276582686574643,0.001008168154973543,0.019934661169163426,0.019213836138606933,0.9638406178846157,0.0198684090029452,0.9466666666666667,0.018346459947155818,0.02,0.03333333333333333,0.07531685367304743,0.00011944904353830522,150.0,0.0,,0.0,2000
n2000,ate:IPTW,rd,1.0,5.420902,,150.0,150.0,-0.15036384983382675,0.00011990225193813265,0.001954949739443574,-0.0007974140863687751,0.023943146672118408,0.022207335788701103,0.9275028087499191,0.023863503947007536,0.9466666666666667,0.018346459947155818,0.04,0.013333333333333334,0.08705115667688311,0.00011456869699659858,150.0,0.0,,0.0,2000
n2000,ate:IPTW,rd,2.0,1.605387,,150.0,150.0,0.02683608304896079,0.000945626996417123,0.0011391709120412998,0.03523714674350517,0.013951937321610609,0.015280063487047201,1.0951929567071244,0.01393746946456432,0.98,0.01143095213298817,0.02,0.0,0.05989674823219604,0.00015867761605449236,150.0,0.0,,0.0,2000
n2000,ate:IPTW,rd,2.0,3.11961,,150.0,150.0,0.049985468677064826,-0.0020222159661762128,0.0015105479791384492,-0.040456076929895425,0.018500358904407446,0.019295257726805487,1.0429666703497664,0.01854914773806243,0.9533333333333334,0.017221863795553384,0.013333333333333334,0.03333333333333333,0.0756360204339139,0.00013110343208301242,150.0,0.0,,0.0,2000
n2000,ate:IPTW,rd,2.0,5.420902,,150.0,150.0,0.08039718781145194,-1.4812112348107642e-05,0.0017088360689984535,-0.0001842366972193743,0.020928882115548195,0.022405888149654433,1.0705726195002532,0.020859007773489015,0.9533333333333334,0.017221863795553384,0.02,0.02666666666666667,0.08782946762991095,0.00012127112412593385,150.0,0.0,,0.0,2000
n2000,gcomp,rd,1.0,1.605387,,150.0,150.0,-0.06676032309484575,0.0003208600135286496,0.0007805222660801644,-0.0048061483026798245,0.009559406423886224,,,0.00953288976740379,,,,,,,0.0,0.0,,0.0,2000
n2000,gcomp,rd,1.0,3.11961,,150.0,150.0,-0.10970149312307753,0.0008910389209173811,0.0011824831847615026,-0.008122395562270941,0.014482402160434431,,,0.014461523301952038,,,,,,,0.0,0.0,,0.0,2000
n2000,gcomp,rd,1.0,5.420902,,150.0,150.0,-0.15036384983382675,0.0004269869860484521,0.0015500004586981638,-0.002839691764478849,0.018983551124451867,,,0.01892498427367822,,,,,,,0.0,0.0,,0.0,2000
n2000,gcomp,rd,2.0,1.605387,,150.0,150.0,0.02683608304896079,0.00044487328751296,0.0007097425740968087,0.01657742997371546,0.008692535776333313,,,0.008674926855212765,,,,,,,0.0,0.0,,0.0,2000
n2000,gcomp,rd,2.0,3.11961,,150.0,150.0,0.049985468677064826,0.00037143747113042765,0.0010982510904858811,0.0074309090413882,0.01345077390572803,,,0.013411007754834102,,,,,,,0.0,0.0,,0.0,2000
n2000,gcomp,rd,2.0,5.420902,,150.0,150.0,0.08039718781145194,0.0006364989533866477,0.0014596693769378382,0.007916930563284994,0.017877225833319736,,,0.017828900687457058,,,,,,,0.0,0.0,,0.0,2000
n2000,gcomp (concrete),rd,1.0,1.605387,,150.0,150.0,-0.06676032309484575,0.0004100143705416943,0.0007793960381146875,-0.006141587570796966,0.00954561300463887,,,0.009522572196321358,,,,,,,0.0,0.0,0.0,150.0,2000
n2000,gcomp (concrete),rd,1.0,3.11961,,150.0,150.0,-0.10970149312307753,0.0010648303921680226,0.0011804443414249037,-0.009706617128477514,0.014457431531233727,,,0.014448451176551549,,,,,,,0.0,0.0,0.0,150.0,2000
n2000,gcomp (concrete),rd,1.0,5.420902,,150.0,150.0,-0.15036384983382675,0.000734353224003362,0.0015465428865960717,-0.004883841593673784,0.018941204687456827,,,0.018892239538224675,,,,,,,0.0,0.0,0.0,150.0,2000
n2000,gcomp (concrete),rd,2.0,1.605387,,150.0,150.0,0.02683608304896079,0.0004107592657470078,0.0007087671849413646,0.015306230234777656,0.008680589747675903,,,0.008661351546924032,,,,,,,0.0,0.0,0.0,150.0,2000
n2000,gcomp (concrete),rd,2.0,3.11961,,150.0,150.0,0.049985468677064826,0.00030025380253174543,0.0010964508334490217,0.006006821791980374,0.013428725349997226,,,0.0133872555978222,,,,,,,0.0,0.0,0.0,150.0,2000
n2000,gcomp (concrete),rd,2.0,5.420902,,150.0,150.0,0.08039718781145194,0.0004964342784190841,0.001456613722026312,0.006174771679618015,0.017839801856503395,,,0.017787165421643106,,,,,,,0.0,0.0,0.0,150.0,2000
n2000,ipw,rd,1.0,1.605387,,150.0,150.0,-0.06676032309484575,0.00021322267332106015,0.001316142864602625,-0.003193853226536018,0.016119392234406994,0.016445871215208168,1.0202538021318386,0.016066985961126445,0.9533333333333334,0.017221863795553384,0.03333333333333333,0.013333333333333334,0.06446663055238396,0.0001999591210248294,150.0,0.0,0.0,150.0,2000
n2000,ipw,rd,1.0,3.11961,,150.0,150.0,-0.10970149312307753,-0.00010806787302924263,0.001627622307973632,0.0009851084971833329,0.019934220742532472,0.021770292738815804,1.0921065347874779,0.019867956132923675,0.9866666666666667,0.009365025558091315,0.0,0.013333333333333334,0.08533797940194565,0.0001738102197437595,150.0,0.0,0.0,150.0,2000
n2000,ipw,rd,1.0,5.420902,,150.0,150.0,-0.15036384983382675,0.0001262168921996711,0.0019548624717980584,-0.0008394098205064485,0.02394207786610557,0.026816817989217524,1.120070619567305,0.023862471287921842,0.9733333333333334,0.013154354299509981,0.02,0.006666666666666667,0.10511999487766435,0.00019054099143213496,150.0,0.0,0.0,150.0,2000
n2000,ipw,rd,2.0,1.605387,,150.0,150.0,0.02683608304896079,0.0009452887987697829,0.0011391580515044848,0.03522454439588525,0.013951779812845537,0.016378107968601806,1.1739081456490823,0.013937289901300623,0.98,0.01143095213298817,0.02,0.0,0.06420100350673602,0.00019388815625256348,150.0,0.0,0.0,150.0,2000
n2000,ipw,rd,2.0,3.11961,,150.0,150.0,0.049985468677064826,-0.002023417016539649,0.001510507644372669,-0.04048010492033392,0.01849986490643217,0.021774836885751176,1.1770268051082005,0.018548789303761967,0.9866666666666667,0.009365025558091315,0.0,0.013333333333333334,0.08535579213061324,0.00018582347250419964,150.0,0.0,0.0,150.0,2000
n2000,ipw,rd,2.0,5.420902,,150.0,150.0,0.08039718781145194,-1.910350515227181e-05,0.0017087441353642416,-0.00023761409661583543,0.020927756163078102,0.02694486451611136,1.2875180839333829,0.020857889069726614,0.9933333333333333,0.006644407283433823,0.006666666666666667,0.0,0.10562192803977907,0.00020340752179844035,150.0,0.0,0.0,150.0,2000
n2000,tmle,rd,1.0,1.605387,,150.0,150.0,-0.06676032309484575,0.00024174100735264436,0.0012648638690902633,-0.003621028121886187,0.015491355366768223,0.015274128100063435,0.9859775170369676,0.01544152353904253,0.9466666666666667,0.018346459947155818,0.03333333333333333,0.02,0.05987348194275107,0.0001547808807442719,150.0,0.0,0.0,150.0,2000
n2000,tmle,rd,1.0,3.11961,,150.0,150.0,-0.10970149312307753,0.00017463602843962626,0.0015855127332918856,-0.0015919202507453261,0.019418485886252976,0.01910356751790979,0.9837825477131495,0.019354437249106585,0.9333333333333333,0.02036700308869262,0.03333333333333333,0.03333333333333333,0.07488460862266486,0.00011441979402445006,150.0,0.0,0.0,150.0,2000
n2000,tmle,rd,1.0,5.420902,,150.0,150.0,-0.15036384983382675,0.0002113712571285231,0.0019019469886746676,-0.0014057318787868104,0.023293998200379758,0.021971145461514657,0.9432105760683225,0.02321718388650757,0.94,0.019390719429665325,0.04666666666666667,0.013333333333333334,0.08612530760731878,0.00010733023797719911,150.0,0.0,0.0,150.0,2000
n2000,tmle,rd,2.0,1.605387,,150.0,150.0,0.02683608304896079,0.0008495134505444905,0.0010996355567854529,0.0316556424793665,0.013467730085728179,0.01526270100343276,1.1332793949892654,0.013449618150971315,0.98,0.01143095213298817,0.02,0.0,0.05982868854706311,0.00015751239251834953,150.0,0.0,0.0,150.0,2000
n2000,tmle,rd,2.0,3.11961,,150.0,150.0,0.049985468677064826,-0.0014780382163208277,0.001440124665642943,-0.029569357964207826,0.017637852984107215,0.019210830875221532,1.0891819368565816,0.01764098908239817,0.9666666666666667,0.014656562175858798,0.013333333333333334,0.02,0.07530507325704858,0.0001274024903412402,150.0,0.0,0.0,150.0,2000
n2000,tmle,rd,2.0,5.420902,,150.0,150.0,0.08039718781145194,0.00018769326911391733,0.0016683728671075598,0.002334575054467041,0.02043331112558865,0.022206544777636297,1.08678151285168,0.02036595110213797,0.96,0.016000000000000007,0.02,0.02,0.08704805597048634,0.0001146719033965057,150.0,0.0,0.0,150.0,2000
n2000,tmle (concrete),rd,1.0,1.605387,,150.0,150.0,-0.06676032309484575,0.0003817691954459017,0.0009271602076003294,-0.00571850431136359,0.011355347092168644,0.015274828243099838,1.345166124744378,0.011323869888499108,1.0,0.0,0.0,0.0,0.05987622645302181,0.00015476386776154666,150.0,0.0,0.0,150.0,2000
n2000,tmle (concrete),rd,1.0,3.11961,,150.0,150.0,-0.10970149312307753,0.0007322512902678589,0.0013073108032863332,-0.006674943698772844,0.016011222016397552,0.01910585883964977,1.193279240028207,0.015974553542245973,0.9933333333333333,0.006644407283433823,0.006666666666666667,0.0,0.07489359043883953,0.00011435618882504384,150.0,0.0,0.0,150.0,2000
n2000,tmle (concrete),rd,1.0,5.420902,,150.0,150.0,-0.15036384983382675,0.0006251052442104504,0.0016410612956369948,-0.004157284113843054,0.020098814054706458,0.021976816360907064,1.093438463637154,0.020041457052718686,0.9666666666666667,0.014656562175858798,0.02,0.013333333333333334,0.08614753712445691,0.00010731438870543996,150.0,0.0,0.0,150.0,2000
n2000,tmle (concrete),rd,2.0,1.605387,,150.0,150.0,0.02683608304896079,0.0006049748307449692,0.000786108225657973,0.02254333576331649,0.009627820177333442,0.015263254956519642,1.5853282129690764,0.009614725673177407,1.0,0.0,0.0,0.0,0.05983086000326191,0.00015755087973265509,150.0,0.0,0.0,150.0,2000
n2000,tmle (concrete),rd,2.0,3.11961,,150.0,150.0,0.049985468677064826,-0.0005688442692979664,0.001175536926769809,-0.011380192771083751,0.014397328221927535,0.019212737326597663,1.3344654668173868,0.014360527729384627,1.0,0.0,0.0,0.0,0.07531254640911955,0.00012746949315353042,150.0,0.0,0.0,150.0,2000
n2000,tmle (concrete),rd,2.0,5.420902,,150.0,150.0,0.08039718781145194,0.0002903117512968889,0.0014711404668113874,0.0036109689803793896,0.018017717418238748,0.022211527483494073,1.23276034182943,0.017959904443046324,0.98,0.01143095213298817,0.013333333333333334,0.006666666666666667,0.08706758781853992,0.0001147458145746243,150.0,0.0,0.0,150.0,2000
