cell,spec,n,estimator,target_time,truth,bias,bias_mc_se,emp_sd,mean_se,se_ratio,rmse,coverage,coverage_mc_se,ci_width,n_used
C1,Q✓ π✓ G✓,250,aipw,0.513946,-0.09886684941881166,0.0018155065622780606,0.0020914433378612677,0.04676609474546855,0.043518322001046245,0.9305528340115036,0.046754567120061444,0.938,0.010784804124322337,0.17058868757933537,500.0
C1,Q✓ π✓ G✓,250,aipw,1.149562,-0.17473091250511089,0.001595748840332493,0.0024946664484987715,0.05578243760031232,0.0555156399491152,0.9952171747475657,0.05574946993743433,0.934,0.01110351295761841,0.21761730975791768,500.0
C1,Q✓ π✓ G✓,250,aipw,2.66982,-0.25736161330036356,0.0020921704282939263,0.0030256662449502526,0.06765595400935295,0.06576240529838741,0.9720120906032339,0.06762063763224122,0.944,0.010282412168358165,0.2577838918431307,500.0
C1,Q✓ π✓ G✓,250,gcomp,0.513946,-0.09886684941881166,-0.00029600326288959646,0.0014600905600432375,0.032648617455624175,,,0.03261729564589624,,,,500.0
C1,Q✓ π✓ G✓,250,gcomp,1.149562,-0.17473091250511089,-0.0005457927983204198,0.0019433699707059062,0.043455073599301806,,,0.04341502763394715,,,,500.0
C1,Q✓ π✓ G✓,250,gcomp,2.66982,-0.25736161330036356,-0.000346422998101469,0.0023259291505663264,0.05200935691514649,,,0.05195847639420594,,,,500.0
C1,Q✓ π✓ G✓,250,ipw,0.513946,-0.09886684941881166,0.0014775658454160951,0.002207285043114042,0.04935639402121552,0.04821187578218103,0.976811145511511,0.049329146803319686,0.934,0.01110351295761841,0.18898708032038736,500.0
C1,Q✓ π✓ G✓,250,ipw,1.149562,-0.17473091250511089,0.0006596038337364304,0.002729109673894805,0.06102474748881068,0.06740254333395382,1.104511630241691,0.06096726042457901,0.952,0.009559916317625384,0.2642131148018996,500.0
C1,Q✓ π✓ G✓,250,ipw,2.66982,-0.25736161330036356,0.0010684989302868408,0.003264690681655352,0.07300070289691493,0.08856706193785822,1.2132357418931254,0.07293549278753644,0.976,0.006844559883586383,0.34717650322946075,500.0
C1,Q✓ π✓ G✓,250,tmle,0.513946,-0.09886684941881166,0.0019582763363635565,0.0019352335692433896,0.04327313813167766,0.04187033797897361,0.9675826572032884,0.04327417475822375,0.922,0.01199299795714149,0.16412870891861572,500.0
C1,Q✓ π✓ G✓,250,tmle,1.149562,-0.17473091250511089,0.0017511668937092973,0.0024344770686408157,0.05443656215145286,0.05374435727272052,0.9872841918854741,0.054410285845241387,0.932,0.01125841907196565,0.21067400925357108,500.0
C1,Q✓ π✓ G✓,250,tmle,2.66982,-0.25736161330036356,0.0028617813156479764,0.0029941308113489674,0.0669508002770289,0.06330892838924743,0.945603758689782,0.06694501199281196,0.928,0.0115599307956406,0.24816643908550065,500.0
C1,Q✓ π✓ G✓,250,tmle (concrete),0.513946,-0.09886684941881166,0.000402561129025554,0.0029066321610610253,0.035360706397323485,0.042056275423462366,1.1893505449496813,0.03524334124144024,0.9864864864864865,0.009490713265293112,0.164857571608142,148.0
C1,Q✓ π✓ G✓,250,tmle (concrete),1.149562,-0.17473091250511089,0.0034626499933112314,0.0038664117212897837,0.04703692868993468,0.05371240114154612,1.1419198199698763,0.047005462086438965,0.9797297297297297,0.011583826800071612,0.21054874518197864,148.0
C1,Q✓ π✓ G✓,250,tmle (concrete),2.66982,-0.25736161330036356,0.008319862478202699,0.004570706723837863,0.05560504719348617,0.06341543369469838,1.140461826676179,0.0560379338046175,0.972972972972973,0.013329647619353282,0.24858393417199157,148.0
C2,Q✓ π✓ G✗,250,aipw,0.513946,-0.09886684941881166,0.0002942693646441256,0.0019052411965049712,0.042602488289181506,0.042850159792161675,1.0058135454741282,0.04256088179152255,0.932,0.01125841907196565,0.16796953984884644,500.0
C2,Q✓ π✓ G✗,250,aipw,1.149562,-0.17473091250511089,-0.0018144593279589953,0.0024919182417812522,0.05572098582994637,0.0545685922334052,0.9793184994957171,0.05569480108583008,0.936,0.01094568408095172,0.21390495092905262,500.0
C2,Q✓ π✓ G✗,250,aipw,2.66982,-0.25736161330036356,-0.006934144821994629,0.0029719307471939432,0.066454391751474,0.06413610978843409,0.965114691415583,0.0667490537393951,0.934,0.01110351295761841,0.2514089305876753,500.0
C2,Q✓ π✓ G✗,250,gcomp,0.513946,-0.09886684941881166,-0.0009755236014780705,0.0013415160973751783,0.02999721186641126,,,0.029983073568530104,,,,500.0
C2,Q✓ π✓ G✗,250,gcomp,1.149562,-0.17473091250511089,-0.0025156793696462275,0.001927236266665239,0.04309431300966387,,,0.04312463584586192,,,,500.0
C2,Q✓ π✓ G✗,250,gcomp,2.66982,-0.25736161330036356,-0.00215861698781678,0.002364838571541004,0.052879398017791845,,,0.052870576888801694,,,,500.0
C2,Q✓ π✓ G✗,250,ipw,0.513946,-0.09886684941881166,0.0014630184134418855,0.0019576805314683913,0.0437750674659124,0.04734945216392547,1.0816534366462471,0.04375573609779593,0.942,0.010453324829928518,0.18560644185799208,500.0
C2,Q✓ π✓ G✗,250,ipw,1.149562,-0.17473091250511089,0.0026952778620494343,0.0026030900618117035,0.058206863297650985,0.06589622529636217,1.1321040434594507,0.05821105891353618,0.964,0.008331146379700699,0.25830845659601426,500.0
C2,Q✓ π✓ G✗,250,ipw,2.66982,-0.25736161330036356,0.006999026823260486,0.003290941222915653,0.07358768284395689,0.08574078093391925,1.1651512538549837,0.07384648365821368,0.974,0.007116740827092135,0.33609768527364053,500.0
C2,Q✓ π✓ G✗,250,tmle,0.513946,-0.09886684941881166,-0.000505433531201136,0.0017914664068354898,0.04005840665091449,0.04150849489328242,1.0361993489907027,0.040021519893398264,0.94,0.010620734437881408,0.16271031008659662,500.0
C2,Q✓ π✓ G✗,250,tmle,1.149562,-0.17473091250511089,-0.0028005581276055935,0.002361949650759333,0.052814799785297566,0.052845687278119564,1.000584826468103,0.05283623184931381,0.938,0.010784804124322337,0.20715128760676174,500.0
C2,Q✓ π✓ G✗,250,tmle,2.66982,-0.25736161330036356,-0.004614407764461582,0.002807918793027087,0.06278697296507729,0.061674962481815504,0.9822891528170932,0.06289365886308282,0.93,0.011410521460476728,0.24176141042443486,500.0
C2,Q✓ π✓ G✗,250,tmle (concrete),0.513946,-0.09886684941881166,0.00014658047042182275,0.0026680855552779956,0.03212800455818954,0.04129943277988444,1.2854652303439453,0.03201736219920489,0.9793103448275862,0.011820961318414477,0.16189080293798688,145.0
C2,Q✓ π✓ G✗,250,tmle (concrete),1.149562,-0.17473091250511089,0.0012358661035579348,0.0038000956098143512,0.045759210694032895,0.052267742285732645,1.1422343500463499,0.04561789124590359,0.993103448275862,0.006872729367206073,0.2048857864826274,145.0
C2,Q✓ π✓ G✗,250,tmle (concrete),2.66982,-0.25736161330036356,0.00583773372791703,0.004391942368680972,0.05288598941707699,0.060668376955135564,1.1471540501338455,0.05302563393238618,0.9862068965517241,0.009685699998038718,0.2378156695409907,145.0
C3,Q✓ π✗ G✓,250,aipw,0.513946,-0.09886684941881166,-0.002921521248671155,0.001860316490851234,0.04159794133207225,0.036549735714393225,0.8786428977967996,0.04165889139219656,0.912,0.012669333052690657,0.14327233128933614,500.0
C3,Q✓ π✗ G✓,250,aipw,1.149562,-0.17473091250511089,-0.003611327110960603,0.0024169656932290736,0.054044995893451124,0.04763275217335604,0.8813536088940274,0.05411156569037031,0.918,0.012269963325128561,0.18671695748859962,500.0
C3,Q✓ π✗ G✓,250,aipw,2.66982,-0.25736161330036356,-0.00300166429804829,0.002865567009471237,0.0640760262725847,0.05835196452739027,0.9106676540638803,0.06408225696054543,0.928,0.0115599307956406,0.22873549780168745,500.0
C3,Q✓ π✗ G✓,250,gcomp,0.513946,-0.09886684941881166,-0.003823241474334855,0.0014383379624004742,0.032162214585459974,,,0.032356705739586135,,,,500.0
C3,Q✓ π✗ G✓,250,gcomp,1.149562,-0.17473091250511089,-0.0036027456920273942,0.0020353822259359883,0.04551253017387705,,,0.04560950995728671,,,,500.0
C3,Q✓ π✗ G✓,250,gcomp,2.66982,-0.25736161330036356,-0.0025790315982594427,0.0024436934044811598,0.05464264568587762,,,0.05464886544185594,,,,500.0
C3,Q✓ π✗ G✓,250,ipw,0.513946,-0.09886684941881166,0.021178903388824347,0.0017048034978511875,0.03812056509474672,0.03921631227837844,1.0287442534209106,0.043575418264540984,0.896,0.013651666564928987,0.1537251193441953,500.0
C3,Q✓ π✗ G✓,250,ipw,1.149562,-0.17473091250511089,0.032117912683920065,0.002289411920956631,0.051192806837574024,0.05459022944936106,1.0663652341346797,0.060390581882751065,0.898,0.013534843922262271,0.21398976725705102,500.0
C3,Q✓ π✗ G✓,250,ipw,2.66982,-0.25736161330036356,0.03250755587317217,0.002786495173506647,0.06230792626935934,0.0721092427036983,1.157304487906844,0.07022289021026801,0.958,0.00897061870775924,0.28266303730341263,500.0
C3,Q✓ π✗ G✓,250,tmle,0.513946,-0.09886684941881166,-0.003278416522440093,0.001877631128607335,0.041985108402356516,0.03634795634098427,0.8657344883488297,0.04207103331030889,0.91,0.012798437404620923,0.14248137067992692,500.0
C3,Q✓ π✗ G✓,250,tmle,1.149562,-0.17473091250511089,-0.0035996112191292854,0.002414907577298065,0.05399897502217801,0.047373043466434256,0.8772952347146885,0.054064912149820364,0.902,0.013296315279053816,0.1856989180645233,500.0
C3,Q✓ π✗ G✓,250,tmle,2.66982,-0.25736161330036356,-0.0027874821166955824,0.0029014269070053063,0.06487787795810826,0.05785070450111435,0.8916861389712628,0.0648728820602368,0.914,0.01253826144248077,0.22677059460490662,500.0
C3,Q✓ π✗ G✓,250,tmle (concrete),0.513946,-0.09886684941881166,-0.005741397730517685,0.00271488679132842,0.03313941660877118,0.03686674267743281,1.1124741003338938,0.03352333472045947,0.9664429530201343,0.014753220915046534,0.1445149768900638,149.0
C3,Q✓ π✗ G✓,250,tmle (concrete),1.149562,-0.17473091250511089,-0.001854727213750885,0.0037840033567520816,0.046189647424317304,0.04726479750283024,1.0232768626405861,0.0460717360299811,0.9530201342281879,0.01733459859981212,0.18527460314567434,149.0
C3,Q✓ π✗ G✓,250,tmle (concrete),2.66982,-0.25736161330036356,0.004996454476372944,0.004406762058905477,0.05379138615733486,0.058124872321588916,1.080560968471402,0.05384290324841497,0.9798657718120806,0.011506881816937547,0.22784531450982143,149.0
C4,Q✓ π✗ G✗,250,aipw,0.513946,-0.09886684941881166,-0.004799081898478667,0.0016601232462020742,0.03712148429535458,0.03576212525587597,0.9633808004910861,0.0373935793173906,0.948,0.009929350431926557,0.14018495502425432,500.0
C4,Q✓ π✗ G✗,250,aipw,1.149562,-0.17473091250511089,-0.006274930775910235,0.0023504901714996597,0.052558558039183786,0.04637501687501817,0.8823494898860119,0.052879598857729616,0.924,0.01185107590052481,0.1817867257149457,500.0
C4,Q✓ π✗ G✗,250,aipw,2.66982,-0.25736161330036356,-0.005289983464662368,0.0027742068927577553,0.062033151958548104,0.056576431999698557,0.9120354232121585,0.062196460052682236,0.928,0.0115599307956406,0.22177553818637719,500.0
C4,Q✓ π✗ G✗,250,gcomp,0.513946,-0.09886684941881166,-0.0035233634284470195,0.001337359705394086,0.02990427211630269,,,0.030081407042776183,,,,500.0
C4,Q✓ π✗ G✗,250,gcomp,1.149562,-0.17473091250511089,-0.003896707130012488,0.0019696984941635484,0.04404379728128667,,,0.04417194463971735,,,,500.0
C4,Q✓ π✗ G✗,250,gcomp,2.66982,-0.25736161330036356,-0.002970749814053282,0.002368268660052745,0.05295609712860279,,,0.05298645941281152,,,,500.0
C4,Q✓ π✗ G✗,250,ipw,0.513946,-0.09886684941881166,0.021245646148497492,0.0015653898136824822,0.035003180346797606,0.03844025361699845,1.0981931709104056,0.040916374098749556,0.904,0.013174520864152895,0.15068302529180505,500.0
C4,Q✓ π✗ G✗,250,ipw,1.149562,-0.17473091250511089,0.0355407149296637,0.002133709276537823,0.0477111898656047,0.053019560924757916,1.1112605045924469,0.059455423140590095,0.894,0.013766916866168691,0.20783285977730537,500.0
C4,Q✓ π✗ G✗,250,ipw,2.66982,-0.25736161330036356,0.042817958736752815,0.002580888693755802,0.057710425615986105,0.06913942598307567,1.1980404796031112,0.07181371616001343,0.93,0.011410521460476728,0.27102156967720226,500.0
C4,Q✓ π✗ G✗,250,tmle,0.513946,-0.09886684941881166,-0.004870214659426986,0.0016711248304582672,0.03736748719792496,0.035576685616746054,0.9520759431402616,0.03764645311469607,0.946,0.010107818755794947,0.13945804499625286,500.0
C4,Q✓ π✗ G✗,250,tmle,1.149562,-0.17473091250511089,-0.006515117237745619,0.0023687930476018245,0.052967822790665746,0.04616226887494045,0.8715153170893669,0.053314405401378835,0.914,0.01253826144248077,0.18095276887907522,500.0
C4,Q✓ π✗ G✗,250,tmle,2.66982,-0.25736161330036356,-0.004807544985896726,0.0027643534801899345,0.06181282295542813,0.05622701728551408,0.9096335452282798,0.061937839164335436,0.928,0.0115599307956406,0.22040585767543736,500.0
C4,Q✓ π✗ G✗,250,tmle (concrete),0.513946,-0.09886684941881166,-0.0032280358082010002,0.0025847240891610874,0.030363633003288103,0.03594220435667823,1.1837254241870865,0.03042514791616147,0.9637681159420289,0.015907143285461684,0.14089085323946496,138.0
C4,Q✓ π✗ G✗,250,tmle (concrete),1.149562,-0.17473091250511089,-0.0023321756774465963,0.0038640247800488204,0.04539201334061669,0.0465568354833864,1.0256613896816829,0.04528734073672648,0.9492753623188406,0.01867953402525181,0.18249944300271986,138.0
C4,Q✓ π✗ G✗,250,tmle (concrete),2.66982,-0.25736161330036356,0.004442671270776258,0.004565904265295662,0.05363723038019978,0.056511898762887654,1.0535946461499075,0.05362688065810804,0.9855072463768116,0.010173393016855548,0.22152257429380867,138.0
C5,Q✗ π✓ G✓,250,aipw,0.513946,-0.09886684941881166,0.002630330189268983,0.002002217329175077,0.04477094053763545,0.04311262706694106,0.9629600483979026,0.04480342486122931,0.916,0.012405160216619531,0.16899839266022235,500.0
C5,Q✗ π✓ G✓,250,aipw,1.149562,-0.17473091250511089,0.001676830668926934,0.002526174353029057,0.056486975763895234,0.055882372100716206,0.989296582884767,0.05645536852400522,0.936,0.01094568408095172,0.21905487337613938,500.0
C5,Q✗ π✓ G✓,250,aipw,2.66982,-0.25736161330036356,0.0028455431489983734,0.003097006781683863,0.06925117690622969,0.06660990265390322,0.961859503761172,0.0692403868252116,0.928,0.0115599307956406,0.26110602043073855,500.0
C5,Q✗ π✓ G✓,250,gcomp,0.513946,-0.09886684941881166,0.02857523795808828,0.0011756906340393684,0.026289241782218562,,,0.03881090322806656,,,,500.0
C5,Q✗ π✓ G✓,250,gcomp,1.149562,-0.17473091250511089,0.04765345103835604,0.0017754726030963753,0.03970077432711999,,,0.06199879494855977,,,,500.0
C5,Q✗ π✓ G✓,250,gcomp,2.66982,-0.25736161330036356,0.054572241382932866,0.0023906990214209545,0.0534576552563948,,,0.07635532066108833,,,,500.0
C5,Q✗ π✓ G✓,250,ipw,0.513946,-0.09886684941881166,0.0031176136735828405,0.0020120828984252514,0.04499154137243666,0.047067952134000515,1.0461511363741793,0.04505452066657968,0.928,0.0115599307956406,0.18450298201739235,500.0
C5,Q✗ π✓ G✓,250,ipw,1.149562,-0.17473091250511089,0.002299650679157113,0.002583566824104321,0.057770310431105046,0.06585140038460292,1.139883097272519,0.05775830973130861,0.956,0.009172131704244116,0.2581327461706976,500.0
C5,Q✗ π✓ G✓,250,ipw,2.66982,-0.25736161330036356,0.0037810361016917394,0.003301219633072434,0.07381751508206875,0.0857685661789722,1.1618999377534793,0.0738405289514367,0.966,0.008104813384649892,0.3362066014328514,500.0
C5,Q✗ π✓ G✓,250,tmle,0.513946,-0.09886684941881166,0.0023324777765334637,0.0018944758989270997,0.04236176891736016,0.0420014265324064,0.9914936889048065,0.042383615695858565,0.928,0.0115599307956406,0.1646425666056432,500.0
C5,Q✗ π✓ G✓,250,tmle,1.149562,-0.17473091250511089,0.0025562368694860113,0.0024582341706437276,0.054967787101721934,0.05392891708992922,0.9811003850333249,0.05497225709897155,0.922,0.01199299795714149,0.21139747044301577,500.0
C5,Q✗ π✓ G✓,250,tmle,2.66982,-0.25736161330036356,0.0028950723021099103,0.0030116014388522796,0.06734145538409872,0.06374701879511986,0.9466237168698375,0.06733634467103561,0.922,0.01199299795714149,0.24988372192046565,500.0
C5,Q✗ π✓ G✓,250,tmle (concrete),0.513946,-0.09886684941881166,0.02055859875077875,0.002390204962774412,0.0287818791219468,0.04213253737864814,1.463856379916528,0.03528936764270234,0.9655172413793104,0.01515294394489796,0.16515651298160947,145.0
C5,Q✗ π✓ G✓,250,tmle (concrete),1.149562,-0.17473091250511089,0.03881067754339259,0.00328866948298399,0.03960082461773968,0.05360299371253971,1.3535827657620945,0.05535050726790012,0.9655172413793104,0.01515294394489796,0.21011987593760836,145.0
C5,Q✗ π✓ G✓,250,tmle (concrete),2.66982,-0.25736161330036356,0.04733566515216055,0.004467705801347942,0.05379830195715027,0.06383600656332386,1.186580323932315,0.07151896317580944,0.896551724137931,0.025290959279230283,0.250232549535757,145.0
C6,Q✗ π✓ G✗,250,aipw,0.513946,-0.09886684941881166,0.0022800569304555927,0.001938905297323785,0.04335524046750425,0.04390621853675469,1.0127084537718898,0.0433718362748137,0.926,0.011706750189527404,0.17210921405876822,500.0
C6,Q✗ π✓ G✗,250,aipw,1.149562,-0.17473091250511089,0.0058401992806415524,0.002565882003100933,0.05737486581177013,0.05595409883908069,0.9752371190313446,0.057614229180840366,0.924,0.01185107590052481,0.2193360370239852,500.0
C6,Q✗ π✓ G✗,250,aipw,2.66982,-0.25736161330036356,0.010975341276510208,0.0030914934744267434,0.06912789560815207,0.06537813706565022,0.9457562173777551,0.06992543696999695,0.92,0.012132600710482479,0.25627758804999523,500.0
C6,Q✗ π✓ G✗,250,gcomp,0.513946,-0.09886684941881166,0.027132566639595374,0.0012150817839768973,0.02717005467194057,,,0.038378530711669655,,,,500.0
C6,Q✗ π✓ G✗,250,gcomp,1.149562,-0.17473091250511089,0.04521939259404383,0.0018087810667264182,0.04044557421614854,,,0.060641291636152485,,,,500.0
C6,Q✗ π✓ G✗,250,gcomp,2.66982,-0.25736161330036356,0.05296479543648086,0.002391898511378367,0.05348447666722583,,,0.07523388612524648,,,,500.0
C6,Q✗ π✓ G✗,250,ipw,0.513946,-0.09886684941881166,0.00207221988576618,0.0020028592036219874,0.04478529328659857,0.04772934746478109,1.0657370748772899,0.04478844879019681,0.934,0.01110351295761841,0.1870956040731381,500.0
C6,Q✗ π✓ G✗,250,ipw,1.149562,-0.17473091250511089,0.005822597573482225,0.0026974464500502645,0.06031673627977883,0.06641013498073102,1.1010233490202121,0.06053705559899837,0.942,0.010453324829928518,0.26032294554135277,500.0
C6,Q✗ π✓ G✗,250,ipw,2.66982,-0.25736161330036356,0.012826714354322016,0.0033459638452570033,0.07481802608251246,0.08423745167327173,1.1258978094446268,0.07583578412568252,0.958,0.00897061870775924,0.33020474285809176,500.0
C6,Q✗ π✓ G✗,250,tmle,0.513946,-0.09886684941881166,0.003441992516498116,0.0017711345871906162,0.03960377334259246,0.042924780429503984,1.0838558250039245,0.03971359034045051,0.942,0.010453324829928518,0.16826204737223513,500.0
C6,Q✗ π✓ G✗,250,tmle,1.149562,-0.17473091250511089,0.007330181194756148,0.002413474828917599,0.053966937794444274,0.05392051833847102,0.9991398538091959,0.05440897968633078,0.924,0.01185107590052481,0.21136454794226944,500.0
C6,Q✗ π✓ G✗,250,tmle,2.66982,-0.25736161330036356,0.01132825511347092,0.002981083519791189,0.06665905396857438,0.06273307689752637,0.9411036185287168,0.06754903390093171,0.922,0.01199299795714149,0.2459091427170668,500.0
C6,Q✗ π✓ G✗,250,tmle (concrete),0.513946,-0.09886684941881166,0.02574134275946978,0.002493638740698067,0.029715135066387535,0.04176640180386095,1.4055598842323718,0.03923503211296062,0.9295774647887324,0.02147110763323086,0.16372128789020504,142.0
C6,Q✗ π✓ G✗,250,tmle (concrete),1.149562,-0.17473091250511089,0.04173329516849191,0.0037323153587174546,0.04447567050694552,0.0530609903347454,1.1930340730098528,0.060875471371694,0.9084507042253521,0.024201039178278042,0.2079952617208979,142.0
C6,Q✗ π✓ G✗,250,tmle (concrete),2.66982,-0.25736161330036356,0.05274706536884415,0.004743476319519605,0.05652504399224951,0.06195890246709801,1.0961318752019649,0.07716756401336651,0.8873239436619719,0.02653461235025743,0.24287443663004663,142.0
C7,Q✗ π✗ G✓,250,aipw,0.513946,-0.09886684941881166,0.00535046760131538,0.0017564186007244737,0.039274713881649846,0.036494647205594984,0.9292148458564893,0.0395985561319755,0.91,0.012798437404620923,0.14305638830292297,500.0
C7,Q✗ π✗ G✓,250,aipw,1.149562,-0.17473091250511089,0.009162538739056817,0.0023610664854983652,0.05279505160970867,0.04824796901515505,0.9138729396806303,0.05353218616559177,0.918,0.012269963325128561,0.1891285631938167,500.0
C7,Q✗ π✗ G✓,250,aipw,2.66982,-0.25736161330036356,0.01215219367706825,0.002896569118620304,0.06476925450761652,0.059143032945994906,0.9131343782726418,0.06583572000045594,0.922,0.01199299795714149,0.23183642902123172,500.0
C7,Q✗ π✗ G✓,250,gcomp,0.513946,-0.09886684941881166,0.026609419835384854,0.0012000921606258519,0.026834876504240015,,,0.03777210081236666,,,,500.0
C7,Q✗ π✗ G✓,250,gcomp,1.149562,-0.17473091250511089,0.04362100246907244,0.0018042367756965398,0.040343960779625036,,,0.05938999711611351,,,,500.0
C7,Q✗ π✗ G✓,250,gcomp,2.66982,-0.25736161330036356,0.052657032202026284,0.0024324793986158647,0.05439189289172881,,,0.07566587141271712,,,,500.0
C7,Q✗ π✗ G✓,250,ipw,0.513946,-0.09886684941881166,0.02150857728610363,0.0016833026360042816,0.03763979120810159,0.038898168792957946,1.0334321085337344,0.04331904051681426,0.888,0.014103616557464968,0.15247801979751488,500.0
C7,Q✗ π✗ G✓,250,ipw,1.149562,-0.17473091250511089,0.031405398461532064,0.002290478528259807,0.05121665690192601,0.05438443252187055,1.0618504957481012,0.06003497901097982,0.906,0.013050976974924135,0.2131830581250302,500.0
C7,Q✗ π✗ G✓,250,ipw,2.66982,-0.25736161330036356,0.03238026807280559,0.0028891968370313506,0.06460440527979482,0.07171274367700707,1.1100286948920401,0.07220708748910748,0.926,0.011706750189527404,0.2811087896789727,500.0
C7,Q✗ π✗ G✓,250,tmle,0.513946,-0.09886684941881166,0.004221759974502943,0.0017502825124391817,0.039137506776431324,0.036281550289829795,0.9270276335455944,0.03932561766945527,0.912,0.012669333052690657,0.14222106374269028,500.0
C7,Q✗ π✗ G✓,250,tmle,1.149562,-0.17473091250511089,0.007795656913065999,0.002362737044031019,0.052832406434102724,0.04781873598061679,0.905102364403192,0.05335215937509198,0.91,0.012798437404620923,0.18744600061647707,500.0
C7,Q✗ π✗ G✓,250,tmle,2.66982,-0.25736161330036356,0.01059802334994761,0.0029085022513971126,0.06503608746835127,0.05829696062646852,0.8963786552325702,0.06582971507435445,0.916,0.012405160216619531,0.22851988647205576,500.0
C7,Q✗ π✗ G✓,250,tmle (concrete),0.513946,-0.09886684941881166,0.018809867349726967,0.0024190562283824884,0.029429089169379065,0.036295032208177376,1.2333046394769946,0.03484294140880636,0.9459459459459459,0.018587305551496673,0.14227391301373635,148.0
C7,Q✗ π✗ G✓,250,tmle (concrete),1.149562,-0.17473091250511089,0.029611934267288552,0.0036539790190800656,0.04445257332751213,0.04762043746247888,1.0712639088771523,0.05328739404227029,0.8783783783783784,0.0268667637003051,0.1866686861814199,148.0
C7,Q✗ π✗ G✓,250,tmle (concrete),2.66982,-0.25736161330036356,0.039154425930183076,0.00482257198486442,0.05866912033839841,0.057620030295766886,0.9821185312378903,0.07036957830379878,0.8918918918918919,0.025524331935217165,0.22586637011722485,148.0
C8,Q✗ π✗ G✗,250,aipw,0.513946,-0.09886684941881166,0.009203185423805412,0.0017307169748915154,0.038700008056702255,0.03610513562611131,0.9329490467601711,0.03974158859792329,0.916,0.012405160216619531,0.14152953096822438,500.0
C8,Q✗ π✗ G✗,250,aipw,1.149562,-0.17473091250511089,0.01928188947691214,0.002195618385258398,0.049095519620861006,0.047391843044600326,0.9652987362305709,0.052700479775316264,0.912,0.012669333052690657,0.18577261105678342,500.0
C8,Q✗ π✗ G✗,250,aipw,2.66982,-0.25736161330036356,0.026418478388003614,0.0028347316638400117,0.06338652698317349,0.0576837075278027,0.9100310471831868,0.06861306070800237,0.902,0.013296315279053816,0.22611597849847057,500.0
C8,Q✗ π✗ G✗,250,gcomp,0.513946,-0.09886684941881166,0.02747527952392941,0.0011981141439583425,0.02679064670694823,,,0.03835615020296768,,,,500.0
C8,Q✗ π✗ G✗,250,gcomp,1.149562,-0.17473091250511089,0.04636270550618403,0.0017572956435927963,0.039294325156377354,,,0.06074912644120298,,,,500.0
C8,Q✗ π✗ G✗,250,gcomp,2.66982,-0.25736161330036356,0.055195206364196066,0.0024776076267072748,0.0554009907488939,,,0.07816419923464514,,,,500.0
C8,Q✗ π✗ G✗,250,ipw,0.513946,-0.09886684941881166,0.027017908498919906,0.0016335464062723882,0.036527208088255485,0.03842961836101891,1.0520820060533207,0.0454041389800234,0.86,0.01551773179301666,0.15064133585443248,500.0
C8,Q✗ π✗ G✗,250,ipw,1.149562,-0.17473091250511089,0.044088665656480626,0.002133913760524683,0.04771576226655399,0.0531110031077702,1.1130704108021336,0.06493112366276957,0.862,0.01542439626046997,0.20819130654804893,500.0
C8,Q✗ π✗ G✗,250,ipw,2.66982,-0.25736161330036356,0.04939577465326075,0.002753577655486564,0.06157186818992454,0.06927971044708162,1.1251844792719536,0.0788888795464124,0.902,0.013296315279053816,0.2715714746712865,500.0
C8,Q✗ π✗ G✗,250,tmle,0.513946,-0.09886684941881166,0.007543039878474753,0.0017531298536222165,0.03920117526083532,0.035868549259416155,0.9149865793756268,0.039881776893154176,0.916,0.012405160216619531,0.14060212945231296,500.0
C8,Q✗ π✗ G✗,250,tmle,1.149562,-0.17473091250511089,0.017028886207242345,0.002199772871444913,0.04918841675610733,0.04709592591197737,0.9574596829472022,0.05200619489777889,0.916,0.012405160216619531,0.18461263721208468,500.0
C8,Q✗ π✗ G✗,250,tmle,2.66982,-0.25736161330036356,0.023841557148020137,0.0028432288886434086,0.06357653070597842,0.057294513209346906,0.901189677592131,0.06784033574015765,0.896,0.013651666564928987,0.22459036480414862,500.0
C8,Q✗ π✗ G✗,250,tmle (concrete),0.513946,-0.09886684941881166,0.020546691802305405,0.0024523926804861803,0.029223631533758957,0.03606000649132788,1.233933108199492,0.03563948588546885,0.9366197183098591,0.020446291991910063,0.14135262912553792,142.0
C8,Q✗ π✗ G✗,250,tmle (concrete),1.149562,-0.17473091250511089,0.035229933329500265,0.003403829856274418,0.04056131398322849,0.04715714606449462,1.1626138661088101,0.05361699671518926,0.8873239436619719,0.02653461235025743,0.1848526172583023,142.0
C8,Q✗ π✗ G✗,250,tmle (concrete),2.66982,-0.25736161330036356,0.04742904641140349,0.004668015046749623,0.05562581914622637,0.05707605838555712,1.0260713327298323,0.07295173633784921,0.8661971830985915,0.02856911844645265,0.2237340393951801,142.0
C1,Q✓ π✓ G✓,500,aipw,0.513946,-0.09886684941881166,-0.00038233986557404553,0.0014033413111324646,0.031379665673258735,0.031047028147234153,0.9893995834918009,0.03135060182361367,0.942,0.010453324829928518,0.1217021139911605,500.0
C1,Q✓ π✓ G✓,500,aipw,1.149562,-0.17473091250511089,0.0029158683725066395,0.0018097571143792144,0.04046739930515786,0.038926273739985306,0.9619168616804065,0.04053193153645444,0.93,0.011410521460476728,0.15258818916543693,500.0
C1,Q✓ π✓ G✓,500,aipw,2.66982,-0.25736161330036356,0.000680334181793168,0.0021899312528843506,0.04896835147500691,0.04594071890027547,0.9381716458991535,0.04892408917789239,0.926,0.011706750189527404,0.18008430893683694,500.0
C1,Q✓ π✓ G✓,500,gcomp,0.513946,-0.09886684941881166,-0.000550134590723215,0.0009749949363650429,0.021801549554303176,,,0.021786683912672664,,,,500.0
C1,Q✓ π✓ G✓,500,gcomp,1.149562,-0.17473091250511089,0.0012860608453032802,0.0014052461939943364,0.03142226014894193,,,0.03141715563987088,,,,500.0
C1,Q✓ π✓ G✓,500,gcomp,2.66982,-0.25736161330036356,0.00189455272637552,0.0017774381582377878,0.03974472547621721,,,0.039750135179726455,,,,500.0
C1,Q✓ π✓ G✓,500,ipw,0.513946,-0.09886684941881166,-0.0004273922164949826,0.0014548742427950697,0.0325319770560331,0.03449545802949784,1.0603554149224574,0.032502238941627334,0.958,0.00897061870775924,0.13521971073605754,500.0
C1,Q✓ π✓ G✓,500,ipw,1.149562,-0.17473091250511089,0.002822180529591594,0.0019332568909308167,0.04322893826091202,0.04704327546789464,1.0882357365328026,0.04327780405590166,0.956,0.009172131704244116,0.18440625126374033,500.0
C1,Q✓ π✓ G✓,500,ipw,2.66982,-0.25736161330036356,0.0010750581558947071,0.0023748830010815692,0.05310399829027096,0.06094424695246795,1.1476395170725475,0.05306175944296259,0.962,0.008550555537507495,0.23889705818350426,500.0
C1,Q✓ π✓ G✓,500,tmle,0.513946,-0.09886684941881166,-0.0004994151610855734,0.001374256736996469,0.03072931482461155,0.03053847011082106,0.9937894901048154,0.03070263219194786,0.936,0.01094568408095172,0.11970860312032439,500.0
C1,Q✓ π✓ G✓,500,tmle,1.149562,-0.17473091250511089,0.0026695126477752477,0.0017818492923615669,0.039843361433803605,0.03833785441874684,0.9622143574015953,0.03989291617844766,0.926,0.011706750189527404,0.15028162781056723,500.0
C1,Q✓ π✓ G✓,500,tmle,2.66982,-0.25736161330036356,0.0008071216803197354,0.002206850881664536,0.049346685876072466,0.045167775620754566,0.9153152804260722,0.04930392136072656,0.922,0.01199299795714149,0.17705442695693047,500.0
C1,Q✓ π✓ G✓,500,tmle (concrete),0.513946,-0.09886684941881166,-0.0031070943850434007,0.0020302404100500885,0.024865265299008024,0.03085882470998269,1.2410414423052134,0.024976260284218302,0.9866666666666667,0.009365025558091315,0.12096437102775302,150.0
C1,Q✓ π✓ G✓,500,tmle (concrete),1.149562,-0.17473091250511089,0.0006341889853451617,0.0025981312853965346,0.03182047966991443,0.03866128453366976,1.214981198734825,0.03172057433144006,0.98,0.01143095213298817,0.15154945175949905,150.0
C1,Q✓ π✓ G✓,500,tmle (concrete),2.66982,-0.25736161330036356,0.00348002783053805,0.003055259720845765,0.03741913673875148,0.04529000109993542,1.210343290817632,0.03745621144767417,0.9733333333333334,0.013154354299509981,0.17753354343166763,150.0
C2,Q✓ π✓ G✗,500,aipw,0.513946,-0.09886684941881166,0.00020050752445512754,0.001464343997597502,0.032743727210718034,0.030603546105291195,0.9346384395504526,0.03271158161223605,0.932,0.01125841907196565,0.11996369633116355,500.0
C2,Q✓ π✓ G✗,500,aipw,1.149562,-0.17473091250511089,0.00023690660125975837,0.0017747222561030334,0.03968399605828174,0.03862610038426591,0.9733420073809563,0.03964500004799008,0.936,0.01094568408095172,0.15141153123277984,500.0
C2,Q✓ π✓ G✗,500,aipw,2.66982,-0.25736161330036356,-0.0018440916018481032,0.002186519577720219,0.048892064099165446,0.04522189250546554,0.9249331837114532,0.04887794735715848,0.928,0.0115599307956406,0.1772665612469085,500.0
C2,Q✓ π✓ G✗,500,gcomp,0.513946,-0.09886684941881166,-0.0008508864033803047,0.0009935267001076244,0.02221593238901696,,,0.022210010452068756,,,,500.0
C2,Q✓ π✓ G✗,500,gcomp,1.149562,-0.17473091250511089,-0.00038725757112128406,0.0013705976355241991,0.0306474948283259,,,0.030619281013768904,,,,500.0
C2,Q✓ π✓ G✗,500,gcomp,2.66982,-0.25736161330036356,-0.0001780909138578512,0.0016445809057438964,0.03677394699741527,,,0.03673758630866716,,,,500.0
C2,Q✓ π✓ G✗,500,ipw,0.513946,-0.09886684941881166,0.0016704587294946388,0.0014815506988912612,0.03312848074833182,0.03378558666358084,1.019835075451871,0.03313746635737488,0.95,0.00974679434480897,0.13243706611435044,500.0
C2,Q✓ π✓ G✗,500,ipw,1.149562,-0.17473091250511089,0.005064115624661903,0.0018321473275136463,0.04096805969115084,0.04626515014979566,1.129298055572522,0.041239185468288864,0.96,0.008763560920082661,0.1813560560658748,500.0
C2,Q✓ π✓ G✗,500,ipw,2.66982,-0.25736161330036356,0.01136684917394565,0.002347052171705537,0.05248168202672089,0.059728150965880314,1.138076156466744,0.053647213856829135,0.97,0.007628892449104264,0.2341300495125933,500.0
C2,Q✓ π✓ G✗,500,tmle,0.513946,-0.09886684941881166,7.840182883238844e-06,0.0013971922982388427,0.031242169565012124,0.030006896506571682,0.9604613547765961,0.031210912743448872,0.934,0.01110351295761841,0.11762487288140253,500.0
C2,Q✓ π✓ G✗,500,tmle,1.149562,-0.17473091250511089,0.0005345317824372914,0.0017282973552806748,0.03864590371740694,0.03783525536680732,0.9790236927430296,0.038610938691169536,0.936,0.01094568408095172,0.1483114757296363,500.0
C2,Q✓ π✓ G✗,500,tmle,2.66982,-0.25736161330036356,-0.0007627239279679887,0.002155271994388296,0.048193346894537754,0.044061526582477445,0.9142657528828194,0.04815117065365859,0.918,0.012269963325128561,0.17271801041102003,500.0
C2,Q✓ π✓ G✗,500,tmle (concrete),0.513946,-0.09886684941881166,-0.0009346187397605672,0.0020341627176904626,0.024578881635625938,0.0299273265564525,1.2176032660930447,0.02451238700503849,0.9726027397260274,0.013509674464369539,0.11731296533378173,146.0
C2,Q✓ π✓ G✗,500,tmle (concrete),1.149562,-0.17473091250511089,0.0012330715577421835,0.002702827594270864,0.032658390080274866,0.03758351942295364,1.1508074749114308,0.032569704191127626,0.9726027397260274,0.013509674464369539,0.14732469012457985,146.0
C2,Q✓ π✓ G✗,500,tmle (concrete),2.66982,-0.25736161330036356,0.0038747452190580995,0.0032466590447533757,0.03922953049834168,0.04422547698467189,1.1273516767309106,0.039286497918242284,0.9657534246575342,0.015050997195329817,0.1733606855455709,146.0
C3,Q✓ π✗ G✓,500,aipw,0.513946,-0.09886684941881166,-0.00029266084785738595,0.0012770345158083707,0.028555359869610466,0.02563727103405861,0.89780941830618,0.028528291405204458,0.916,0.012405160216619531,0.10049625577729365,500.0
C3,Q✓ π✗ G✓,500,aipw,1.149562,-0.17473091250511089,0.00015745713195647692,0.0016481651835716414,0.0368540938861461,0.033685494106242136,0.9140231261771687,0.03681755804565177,0.928,0.0115599307956406,0.13204471049934172,500.0
C3,Q✓ π✗ G✓,500,aipw,2.66982,-0.25736161330036356,-0.002075579052884372,0.0020114201726356908,0.04497672237327767,0.04124922779029725,0.9171239168553763,0.04497963731219698,0.94,0.010620734437881408,0.16169400171814266,500.0
C3,Q✓ π✗ G✓,500,gcomp,0.513946,-0.09886684941881166,-0.0010003124106819548,0.0009612149434953735,0.021493419546442745,,,0.02149520352429287,,,,500.0
C3,Q✓ π✗ G✓,500,gcomp,1.149562,-0.17473091250511089,-0.0013197946991921686,0.001379753136751794,0.03085221805945575,,,0.030849594786931105,,,,500.0
C3,Q✓ π✗ G✓,500,gcomp,2.66982,-0.25736161330036356,-0.0008908403020664569,0.0017674699033427756,0.03952182852059429,,,0.03949233566397186,,,,500.0
C3,Q✓ π✗ G✓,500,ipw,0.513946,-0.09886684941881166,0.023508162289323887,0.0011960607084515302,0.02674473049314179,0.027511443190198548,1.0286678041961712,0.035587690879764544,0.848,0.01605590234150669,0.10784287563101776,500.0
C3,Q✓ π✗ G✓,500,ipw,1.149562,-0.17473091250511089,0.036118897876317294,0.0015807761949560304,0.03534723029135144,0.03842154763650676,1.0869747734069992,0.05051240065262323,0.842,0.016311713582576173,0.15060969919568656,500.0
C3,Q✓ π✗ G✓,500,ipw,2.66982,-0.25736161330036356,0.0333130192200273,0.00195343321962624,0.04368009468590549,0.050653774484660005,1.1596534954628832,0.05489892549021372,0.916,0.012405160216619531,0.19855914734189506,500.0
C3,Q✓ π✗ G✓,500,tmle,0.513946,-0.09886684941881166,-0.0002600097952816011,0.0013012242144705348,0.029096257975248813,0.025573101944703074,0.8789137753197416,0.029068310043749504,0.904,0.013174520864152895,0.10024471756917848,500.0
C3,Q✓ π✗ G✓,500,tmle,1.149562,-0.17473091250511089,8.189259467492783e-05,0.0016640634185338997,0.037209589227124834,0.03360697931120675,0.9031806050336112,0.03717245122113316,0.926,0.011706750189527404,0.13173693815829587,500.0
C3,Q✓ π✗ G✓,500,tmle,2.66982,-0.25736161330036356,-0.0018259933525541286,0.002017597870224713,0.04511485989081258,0.041092790982591235,0.9108482456122973,0.04510669721366536,0.938,0.010784804124322337,0.16108078070022225,500.0
C3,Q✓ π✗ G✓,500,tmle (concrete),0.513946,-0.09886684941881166,0.000395629610392307,0.0019975381297705356,0.024464745798456096,0.025567100128682765,1.0450588916520127,0.0243862697268731,0.9533333333333334,0.017221863795553384,0.10022119167322717,150.0
C3,Q✓ π✗ G✓,500,tmle (concrete),1.149562,-0.17473091250511089,0.003304965014144352,0.0027290285718932755,0.03342363747307402,0.03351002242814495,1.0025845467938828,0.03347558421790404,0.94,0.019390719429665325,0.13135687519671335,150.0
C3,Q✓ π✗ G✓,500,tmle (concrete),2.66982,-0.25736161330036356,0.004911257316212127,0.0033283655828110132,0.04076398677664066,0.04132124804691506,1.0136704310431612,0.04092364901739996,0.9666666666666667,0.014656562175858798,0.16197631721404762,150.0
C4,Q✓ π✗ G✗,500,aipw,0.513946,-0.09886684941881166,0.00029420060983381045,0.0012469205037098597,0.02788199008833525,0.02516043695034029,0.9023902838580539,0.027855647803314138,0.906,0.013050976974924135,0.09862710051591551,500.0
C4,Q✓ π✗ G✗,500,aipw,1.149562,-0.17473091250511089,-0.0003438809906135012,0.0016533453386060673,0.03696992567405574,0.032938493755472,0.8909537456437769,0.03693453814077308,0.926,0.011706750189527404,0.12911652293144515,500.0
C4,Q✓ π✗ G✗,500,aipw,2.66982,-0.25736161330036356,-0.0008730360635622902,0.0019076976628079143,0.04265741654555969,0.04034328604584608,0.9457508052030758,0.04262367966209613,0.926,0.011706750189527404,0.15814277533571133,500.0
C4,Q✓ π✗ G✗,500,gcomp,0.513946,-0.09886684941881166,-0.00015141403514213093,0.0009735935926319313,0.02177021455583237,,,0.021748960516158,,,,500.0
C4,Q✓ π✗ G✗,500,gcomp,1.149562,-0.17473091250511089,-0.0005982811529748157,0.0013431410602388156,0.030033547140651318,,,0.030009462945544865,,,,500.0
C4,Q✓ π✗ G✗,500,gcomp,2.66982,-0.25736161330036356,-0.00104205159219643,0.0016477803222186404,0.03684548812467387,,,0.036823371473508386,,,,500.0
C4,Q✓ π✗ G✗,500,ipw,0.513946,-0.09886684941881166,0.02524429715400258,0.0011440291004575272,0.025581268368609668,0.026992924077246877,1.0551831788907475,0.03592167907495025,0.854,0.015791390059142988,0.10581031805765591,500.0
C4,Q✓ π✗ G✗,500,ipw,1.149562,-0.17473091250511089,0.039909979739884104,0.0015509502192867968,0.03468030120043484,0.037350648555987874,1.0769989666502537,0.0528500172905188,0.806,0.017684117167673367,0.1464118519378984,500.0
C4,Q✓ π✗ G✗,500,ipw,2.66982,-0.25736161330036356,0.04468459575111167,0.0018290010953643861,0.040897707801563425,0.04882438765014661,1.1938172155526077,0.060547422371687185,0.866,0.015234434679370286,0.1913880827230191,500.0
C4,Q✓ π✗ G✗,500,tmle,0.513946,-0.09886684941881166,0.00011088963010883634,0.001272796816217801,0.0284606020260831,0.025109699956641255,0.8822617291661341,0.028432343421916122,0.894,0.013766916866168691,0.09842821515524762,500.0
C4,Q✓ π✗ G✗,500,tmle,1.149562,-0.17473091250511089,-0.0002813496561378571,0.0016786301662337511,0.0375353116078044,0.03287319436165187,0.8757938312897028,0.037498812993066795,0.926,0.011706750189527404,0.12886055401124566,500.0
C4,Q✓ π✗ G✗,500,tmle,2.66982,-0.25736161330036356,-0.0008163079148817317,0.001928044522329219,0.04311238615574245,0.04018773764995841,0.932162221427067,0.043076987394357884,0.926,0.011706750189527404,0.15753303682812567,500.0
C4,Q✓ π✗ G✗,500,tmle (concrete),0.513946,-0.09886684941881166,0.0016987890820556529,0.0019485478844955993,0.023705108120603387,0.025139183907565078,1.060496487915837,0.023685886018822173,0.9324324324324325,0.020632267987333502,0.09854379089641375,148.0
C4,Q✓ π✗ G✗,500,tmle (concrete),1.149562,-0.17473091250511089,0.0023395151923257837,0.002589532011591824,0.031503016582237045,0.032894748788520015,1.044177744142372,0.03148345135268315,0.9459459459459459,0.018587305551496673,0.12894504682908567,148.0
C4,Q✓ π✗ G✗,500,tmle (concrete),2.66982,-0.25736161330036356,0.0019854302344320804,0.003014410249372751,0.036671883431662965,0.04035986281816646,1.100566947791922,0.03660167070626354,0.9662162162162162,0.014851162420842076,0.15820775633708964,148.0
C5,Q✗ π✓ G✓,500,aipw,0.513946,-0.09886684941881166,-0.0005601508684342907,0.0013984885491891584,0.031271154617420166,0.03110769076533098,0.9947726953453095,0.031244889340175188,0.934,0.01110351295761841,0.12193990708451591,500.0
C5,Q✗ π✓ G✓,500,aipw,1.149562,-0.17473091250511089,-0.0012485962621668835,0.0017894269539748082,0.04001280309858058,0.03988424410764174,0.9967870536182605,0.03999226619745455,0.936,0.01094568408095172,0.15634336400316334,500.0
C5,Q✗ π✓ G✓,500,aipw,2.66982,-0.25736161330036356,0.0014863273419395947,0.002095494651780455,0.04685668487868348,0.04731248550023194,1.009727547365516,0.04683339608604102,0.94,0.010620734437881408,0.18546153519905625,500.0
C5,Q✗ π✓ G✓,500,gcomp,0.513946,-0.09886684941881166,0.027997790725042812,0.000801109427222877,0.017913351366862736,,,0.033228341312223075,,,,500.0
C5,Q✗ π✓ G✓,500,gcomp,1.149562,-0.17473091250511089,0.04669778963227858,0.0012385180329469207,0.02769410513028639,,,0.05427810874183039,,,,500.0
C5,Q✗ π✓ G✓,500,gcomp,2.66982,-0.25736161330036356,0.05510306108645355,0.0016392862482311676,0.03665555485625485,,,0.06616108964877847,,,,500.0
C5,Q✗ π✓ G✓,500,ipw,0.513946,-0.09886684941881166,-0.0005911031015799097,0.0014490237023240082,0.032401154994049025,0.034158907062910214,1.0542496731731947,0.03237413439978262,0.952,0.009559916317625384,0.13390045518910984,500.0
C5,Q✗ π✓ G✓,500,ipw,1.149562,-0.17473091250511089,-0.0010325026322937627,0.0018915798214815562,0.042297010656996765,0.047334995683149875,1.1191097183441197,0.04226730530779973,0.974,0.007116740827092135,0.18554977349466537,500.0
C5,Q✗ π✓ G✓,500,ipw,2.66982,-0.25736161330036356,0.002248400330821281,0.002257096668690066,0.050470215829793094,0.06092441956036343,1.2071361011378736,0.050469827665464866,0.972,0.0073778045514909145,0.23881933623463986,500.0
C5,Q✗ π✓ G✓,500,tmle,0.513946,-0.09886684941881166,-0.0013738800460803109,0.0014034290350591425,0.03138162723989178,0.03070810774710673,0.9785377766539497,0.031380319653376516,0.934,0.01110351295761841,0.12037357043540924,500.0
C5,Q✗ π✓ G✓,500,tmle,1.149562,-0.17473091250511089,-0.001983402271908729,0.0018020098833513385,0.040294165953000595,0.038979089805630904,0.9673631128411094,0.04030268545395541,0.932,0.01125841907196565,0.15279522433837786,500.0
C5,Q✗ π✓ G✓,500,tmle,2.66982,-0.25736161330036356,0.0002758937602365643,0.0021293500322722234,0.04761371420052063,0.04600307622476284,0.9661728138037133,0.0475668767712981,0.936,0.01094568408095172,0.18032874515717195,500.0
C5,Q✗ π✓ G✓,500,tmle (concrete),0.513946,-0.09886684941881166,0.01991866930772259,0.0017606444693387413,0.021491404634517295,0.030790786194301534,1.4327023625458395,0.029249512666154776,0.9261744966442953,0.021421825790562725,0.12069766494505602,149.0
C5,Q✗ π✓ G✓,500,tmle (concrete),1.149562,-0.17473091250511089,0.03481246592525555,0.0025257479115056115,0.030830682353116493,0.03893761391301516,1.2629501179067866,0.046433386217713785,0.9060402684563759,0.023902949804186044,0.15263264303081767,149.0
C5,Q✗ π✓ G✓,500,tmle (concrete),2.66982,-0.25736161330036356,0.04058145983770791,0.0032903716975029337,0.04016410512200567,0.04589443803820684,1.1426729886995928,0.05700161117813508,0.8993288590604027,0.024650096630699014,0.1799028927102321,149.0
C6,Q✗ π✓ G✗,500,aipw,0.513946,-0.09886684941881166,0.002780517753028395,0.0014333170746800498,0.03204994412295734,0.030999585864284588,0.9672274542931142,0.03213838514024973,0.932,0.01125841907196565,0.1215161436593095,500.0
C6,Q✗ π✓ G✗,500,aipw,1.149562,-0.17473091250511089,0.006863950134226671,0.0018962615506002455,0.04240169730261306,0.039515697092569316,0.9319366819340533,0.04291179252512402,0.922,0.01199299795714149,0.15489868625085995,500.0
C6,Q✗ π✓ G✗,500,aipw,2.66982,-0.25736161330036356,0.012010152707329682,0.002076137527797034,0.04642384642792527,0.046691417628124725,1.005763658567475,0.047907274376472735,0.942,0.010453324829928518,0.18302699387648608,500.0
C6,Q✗ π✓ G✗,500,gcomp,0.513946,-0.09886684941881166,0.02813747568547981,0.0007966834630119829,0.017814383798447332,,,0.033293169022024824,,,,500.0
C6,Q✗ π✓ G✗,500,gcomp,1.149562,-0.17473091250511089,0.04688456948068338,0.0012243285392101414,0.02737681840466893,,,0.05427848617066731,,,,500.0
C6,Q✗ π✓ G✗,500,gcomp,2.66982,-0.25736161330036356,0.055122934356338915,0.001645146011056033,0.036786583136339104,,,0.06625016290925137,,,,500.0
C6,Q✗ π✓ G✗,500,ipw,0.513946,-0.09886684941881166,0.002384830069082298,0.001460432730277361,0.032656268614657945,0.03389059200903814,1.0377974412491868,0.03271064705155536,0.938,0.010784804124322337,0.13284867950491142,500.0
C6,Q✗ π✓ G✗,500,ipw,1.149562,-0.17473091250511089,0.006554338135267146,0.00197120328170194,0.04407744535356204,0.0464146575521725,1.0530251283817105,0.04451847812886097,0.94,0.010620734437881408,0.18194211431403626,500.0
C6,Q✗ π✓ G✗,500,ipw,2.66982,-0.25736161330036356,0.013023946857863539,0.0022644785927972244,0.050635280670876595,0.06011014878935971,1.1871198893923123,0.052234346718205114,0.964,0.008331146379700699,0.23562745346497796,500.0
C6,Q✗ π✓ G✗,500,tmle,0.513946,-0.09886684941881166,0.0021728275179652046,0.0014060649956584592,0.031440569110752624,0.03077632371707145,0.9788729844125498,0.031484179307373135,0.918,0.012269963325128561,0.12064097212401183,500.0
C6,Q✗ π✓ G✗,500,tmle,1.149562,-0.17473091250511089,0.006737492751324853,0.0018437392245600176,0.041227262388989494,0.03879018623291489,0.9408867818318816,0.04173345897881652,0.93,0.011410521460476728,0.15205473594022925,500.0
C6,Q✗ π✓ G✗,500,tmle,2.66982,-0.25736161330036356,0.011958730238508472,0.002066399772668075,0.04620610360375928,0.04514054190702049,0.9769389406673085,0.04768380470493384,0.928,0.0115599307956406,0.17694767276076237,500.0
C6,Q✗ π✓ G✗,500,tmle (concrete),0.513946,-0.09886684941881166,0.020025512877463732,0.0015990266114422349,0.019054601197145582,0.030594957762097707,1.6056467120750286,0.027596052374997897,0.9577464788732394,0.016881559461530093,0.11993003159046414,142.0
C6,Q✗ π✓ G✗,500,tmle (concrete),1.149562,-0.17473091250511089,0.0343905467671562,0.002459436648600443,0.029307570101323913,0.038440518706968914,1.311624217704505,0.045117563581819155,0.9295774647887324,0.02147110763323086,0.15068406561397124,142.0
C6,Q✗ π✓ G✗,500,tmle (concrete),2.66982,-0.25736161330036356,0.044591416788884945,0.0030571609168063927,0.03643027679989939,0.0445901683813645,1.2239865380733985,0.05749968074768841,0.9014084507042254,0.02501707243869779,0.17479024956282543,142.0
C7,Q✗ π✗ G✓,500,aipw,0.513946,-0.09886684941881166,0.006373690138043557,0.001208964015882036,0.02703325721863368,0.025649280174051596,0.9488046507533645,0.02774814097976486,0.912,0.012669333052690657,0.10054333074103676,500.0
C7,Q✗ π✗ G✓,500,aipw,1.149562,-0.17473091250511089,0.012516145983466712,0.0016286076528814978,0.036416774205194104,0.03393697877404515,0.9319051320367836,0.03847314636086469,0.914,0.01253826144248077,0.13303051228245752,500.0
C7,Q✗ π✗ G✓,500,aipw,2.66982,-0.25736161330036356,0.010003054081386768,0.002005598579703454,0.04484654759793954,0.0420047055020129,0.9366318646999439,0.04590480908081959,0.922,0.01199299795714149,0.16465541993031346,500.0
C7,Q✗ π✗ G✓,500,gcomp,0.513946,-0.09886684941881166,0.02844551326466725,0.0008027584609306957,0.017950224881541448,,,0.03362608179734407,,,,500.0
C7,Q✗ π✗ G✓,500,gcomp,1.149562,-0.17473091250511089,0.0467369474107127,0.0012277389929279392,0.02745307846814006,,,0.05418954168116597,,,,500.0
C7,Q✗ π✗ G✓,500,gcomp,2.66982,-0.25736161330036356,0.053859081327475994,0.0016742880379792143,0.03743821866836273,,,0.06557146954328305,,,,500.0
C7,Q✗ π✗ G✓,500,ipw,0.513946,-0.09886684941881166,0.023478564189273136,0.0011526321742165253,0.02577363894601531,0.027217877254787182,1.0560354830684535,0.034845299252271277,0.854,0.015791390059142988,0.10669211831002959,500.0
C7,Q✗ π✗ G✓,500,ipw,1.149562,-0.17473091250511089,0.03660943412129039,0.0015625183374687063,0.03493897218669984,0.03803717851574058,1.0886747988030434,0.05058202230624197,0.822,0.01710648999648964,0.1491029999287445,500.0
C7,Q✗ π✗ G✓,500,ipw,2.66982,-0.25736161330036356,0.032997802466989024,0.001989904175321601,0.04449561004729759,0.05087084544259599,1.1432778511974937,0.055360225455688264,0.908,0.012925633446759966,0.19941004986118344,500.0
C7,Q✗ π✗ G✓,500,tmle,0.513946,-0.09886684941881166,0.005055556923929813,0.0012183833311795356,0.027243879511700805,0.02557689745626874,0.938812603589877,0.027682181429892216,0.914,0.01253826144248077,0.10025959570112172,500.0
C7,Q✗ π✗ G✓,500,tmle,1.149562,-0.17473091250511089,0.010482238820550067,0.0016415108277979104,0.03670529796758079,0.03378429440995802,0.920420110464634,0.03813740515271273,0.924,0.01185107590052481,0.13243200057323115,500.0
C7,Q✗ π✗ G✓,500,tmle,2.66982,-0.25736161330036356,0.007799394725898742,0.0020237157928968013,0.045251660800571344,0.04166495078835649,0.9207385994511483,0.04587426225771835,0.92,0.012132600710482479,0.16332360592562492,500.0
C7,Q✗ π✗ G✓,500,tmle (concrete),0.513946,-0.09886684941881166,0.019015442776664233,0.0016482635959843065,0.020187023858832375,0.02559553601102789,1.2679202338104505,0.027683681536020677,0.9266666666666666,0.02128466671190877,0.10033265828463653,150.0
C7,Q✗ π✗ G✓,500,tmle (concrete),1.149562,-0.17473091250511089,0.03236836963170009,0.002400586714265904,0.02940106266627952,0.03368964301923265,1.145864807732673,0.043662008908754414,0.8266666666666667,0.030907268712379928,0.1320609749810946,150.0
C7,Q✗ π✗ G✓,500,tmle (concrete),2.66982,-0.25736161330036356,0.03582332920228912,0.0031857704360257508,0.03901756002953485,0.04169286878192523,1.068566787630115,0.05287278858281337,0.8733333333333333,0.027156610272298008,0.16343304373859457,150.0
C8,Q✗ π✗ G✗,500,aipw,0.513946,-0.09886684941881166,0.005471314379538253,0.0011716538225413746,0.026198975932999892,0.025633096518274983,0.9784007048148727,0.02673852741453377,0.936,0.01094568408095172,0.10047989197611604,500.0
C8,Q✗ π✗ G✗,500,aipw,1.149562,-0.17473091250511089,0.014461956190126397,0.0015438010332311696,0.03452044054039307,0.03347759710021353,0.9697905523841943,0.037395530084727284,0.918,0.012269963325128561,0.13122976921072213,500.0
C8,Q✗ π✗ G✗,500,aipw,2.66982,-0.25736161330036356,0.021548000329924044,0.001975408994031801,0.04417148794019584,0.04079037116156378,0.9234547683064293,0.04910737647620336,0.906,0.013050976974924135,0.15989531678537253,500.0
C8,Q✗ π✗ G✗,500,gcomp,0.513946,-0.09886684941881166,0.02731503399606207,0.0008262693864408749,0.018475945158088394,,,0.03296648162288095,,,,500.0
C8,Q✗ π✗ G✗,500,gcomp,1.149562,-0.17473091250511089,0.04522810110699484,0.001258364134915782,0.02813787746119405,,,0.05325164596019242,,,,500.0
C8,Q✗ π✗ G✗,500,gcomp,2.66982,-0.25736161330036356,0.05245741718595312,0.0016955910371209575,0.037914568210418303,,,0.06470255073363358,,,,500.0
C8,Q✗ π✗ G✗,500,ipw,0.513946,-0.09886684941881166,0.02250888832702721,0.0010841282928163614,0.02424184559068181,0.027254959329114044,1.124293908529408,0.033062694947716464,0.872,0.014940950438308804,0.10683747737033497,500.0
C8,Q✗ π✗ G✗,500,ipw,1.149562,-0.17473091250511089,0.03814698373647723,0.0014541818547079833,0.03251649478773774,0.03746411291629481,1.1521571793286545,0.050103893627197,0.836,0.0165592270351004,0.14685662405735936,500.0
C8,Q✗ π✗ G✗,500,ipw,2.66982,-0.25736161330036356,0.04308614207091743,0.0019143383870872308,0.04280590765464354,0.04873338189957885,1.1384732755291151,0.060704997135597294,0.864,0.01532997064576446,0.1910313467360214,500.0
C8,Q✗ π✗ G✗,500,tmle,0.513946,-0.09886684941881166,0.0037813885220771056,0.0011768250870591319,0.02631460892291327,0.02555765375988372,0.9712344133539285,0.026558852095586352,0.938,0.010784804124322337,0.10018416179743357,500.0
C8,Q✗ π✗ G✗,500,tmle,1.149562,-0.17473091250511089,0.01196158050751706,0.001550221315693444,0.03466400242059703,0.03334648349338659,0.961991725270952,0.036636993407283554,0.922,0.01199299795714149,0.13071581331619428,500.0
C8,Q✗ π✗ G✗,500,tmle,2.66982,-0.25736161330036356,0.01852991370288921,0.001985400855554483,0.044394912756060646,0.040618130065486466,0.9149275793979663,0.048065831563570416,0.916,0.012405160216619531,0.15922014409543403,500.0
C8,Q✗ π✗ G✗,500,tmle (concrete),0.513946,-0.09886684941881166,0.01940027661220779,0.001634795942663262,0.019343166451766806,0.025371953028555817,1.311675267429565,0.027346960767821803,0.9285714285714286,0.021766050007858712,0.09945622909132075,140.0
C8,Q✗ π✗ G✗,500,tmle (concrete),1.149562,-0.17473091250511089,0.03455821939690294,0.0023984304211525117,0.028378611451502948,0.03314524051522383,1.1679655494021162,0.044652700336203,0.8214285714285714,0.03236882025624878,0.12992695636236032,140.0
C8,Q✗ π✗ G✗,500,tmle (concrete),2.66982,-0.25736161330036356,0.04344600715668638,0.0031325019815849602,0.03706426328754854,0.04030591831999645,1.0874603929747315,0.057021948250151264,0.8428571428571429,0.03075815566547661,0.15799629778826707,140.0
C1,Q✓ π✓ G✓,1000,aipw,0.513946,-0.09886684941881166,0.001469491920286342,0.0009110819787564283,0.020372412375743932,0.02168308830506816,1.064335823620219,0.02040501218179339,0.964,0.008331146379700699,0.08499614430307048,500.0
C1,Q✓ π✓ G✓,1000,aipw,1.149562,-0.17473091250511089,0.0009329827260604497,0.0011412332636124827,0.025518751556214487,0.02751331671778483,1.0781607657089562,0.025510286638784574,0.96,0.008763560920082661,0.10785021972420407,500.0
C1,Q✓ π✓ G✓,1000,aipw,2.66982,-0.25736161330036356,-0.0011082175258788857,0.00146406155718013,0.03273741165098966,0.032539046714409395,0.9939407263257397,0.03272342878501282,0.958,0.00897061870775924,0.1275507193030176,500.0
C1,Q✓ π✓ G✓,1000,gcomp,0.513946,-0.09886684941881166,0.00020697479511481786,0.000663187691842581,0.014829327608011943,,,0.014815936620981697,,,,500.0
C1,Q✓ π✓ G✓,1000,gcomp,1.149562,-0.17473091250511089,0.0004092402441349316,0.0009073804607202001,0.020289643916254457,,,0.020273474998759443,,,,500.0
C1,Q✓ π✓ G✓,1000,gcomp,2.66982,-0.25736161330036356,-4.558021650896793e-05,0.001138885761766736,0.025466259819170528,,,0.025440821644657653,,,,500.0
C1,Q✓ π✓ G✓,1000,ipw,0.513946,-0.09886684941881166,0.0014862487028997516,0.0009304261887425248,0.02080496206074335,0.02390355994302485,1.148935521883417,0.020837218832251665,0.972,0.0073778045514909145,0.09370023318124603,500.0
C1,Q✓ π✓ G✓,1000,ipw,1.149562,-0.17473091250511089,0.0007763333863706765,0.0012186150018182488,0.027249059824666345,0.03297470525998801,1.2101226784396688,0.027232864930674897,0.97,0.007628892449104264,0.12925846942079997,500.0
C1,Q✓ π✓ G✓,1000,ipw,2.66982,-0.25736161330036356,-0.0008658817119543857,0.0016132521587015462,0.036073414917049365,0.04294397222796066,1.1904604076633751,0.03604772437185379,0.982,0.005945754788082,0.16833727783978242,500.0
C1,Q✓ π✓ G✓,1000,tmle,0.513946,-0.09886684941881166,0.0012385046461773899,0.0008963829437692851,0.02004373196139493,0.021545515141938115,1.0749253274507802,0.020061943632583738,0.964,0.008331146379700699,0.08445686741312218,500.0
C1,Q✓ π✓ G✓,1000,tmle,1.149562,-0.17473091250511089,0.0009992324402673216,0.0011245743100733636,0.025146246030739675,0.027351708066400207,1.0877054186523307,0.025140952399010194,0.96,0.008763560920082661,0.10721672545159619,500.0
C1,Q✓ π✓ G✓,1000,tmle,2.66982,-0.25736161330036356,-0.0007903440226998236,0.00145412092559885,0.03251513237143943,0.03227472971641972,0.9926064377572432,0.032492214592732535,0.962,0.008550555537507495,0.12651461570989458,500.0
C1,Q✓ π✓ G✓,1000,tmle (concrete),0.513946,-0.09886684941881166,0.001969319774202146,0.0012348369658752706,0.015123602409604883,0.021735909121503364,1.4372177033495046,0.015201208763929868,0.9933333333333333,0.006644407283433823,0.08520319877083646,150.0
C1,Q✓ π✓ G✓,1000,tmle (concrete),1.149562,-0.17473091250511089,0.0035383460996218,0.0015404133812414941,0.018866133884984964,0.027537038847147446,1.4596015810670895,0.01913316564245914,0.9933333333333333,0.006644407283433823,0.107943209614021,150.0
C1,Q✓ π✓ G✓,1000,tmle (concrete),2.66982,-0.25736161330036356,0.004039244266556708,0.0020403584709902623,0.02498918573145708,0.03245634644438062,1.2988156874404944,0.025231167929289904,0.9933333333333333,0.006644407283433823,0.12722654120502805,150.0
C2,Q✓ π✓ G✗,1000,aipw,0.513946,-0.09886684941881166,-0.00048239482720680287,0.0009451758689476778,0.021134774936594405,0.021729963921557172,1.028161595604797,0.02111913963604043,0.94,0.010620734437881408,0.08517989334321363,500.0
C2,Q✓ π✓ G✗,1000,aipw,1.149562,-0.17473091250511089,-1.7994294370418995e-05,0.0012274533027761651,0.02744669024214137,0.027439190095293924,0.9997267376583013,0.02741923571933018,0.948,0.009929350431926557,0.10755964870344854,500.0
C2,Q✓ π✓ G✗,1000,aipw,2.66982,-0.25736161330036356,0.0017545488713896428,0.0014697826702448596,0.032865339628186635,0.03194650234436399,0.972042361520749,0.03287930549023804,0.942,0.010453324829928518,0.12522798805395563,500.0
C2,Q✓ π✓ G✗,1000,gcomp,0.513946,-0.09886684941881166,-0.0003419211823068982,0.0006921159327043446,0.015476182738375845,,,0.015464479227643244,,,,500.0
C2,Q✓ π✓ G✗,1000,gcomp,1.149562,-0.17473091250511089,0.0004952507831376771,0.000947729079285168,0.021191866455349234,,,0.021176455954475287,,,,500.0
C2,Q✓ π✓ G✗,1000,gcomp,2.66982,-0.25736161330036356,0.0006803749051462302,0.0011654845946219973,0.02606102780303572,,,0.02604384237822546,,,,500.0
C2,Q✓ π✓ G✗,1000,ipw,0.513946,-0.09886684941881166,0.0006594537070333861,0.000967753108705647,0.021639617365025704,0.023972701959901036,1.107815427395038,0.0216280228596382,0.964,0.008331146379700699,0.09397126490703761,500.0
C2,Q✓ π✓ G✗,1000,ipw,1.149562,-0.17473091250511089,0.004093826990224355,0.0012808204965734616,0.028640016973132967,0.033039697998443,1.1536200564907957,0.0289027592195415,0.972,0.0073778045514909145,0.12951323627405678,500.0
C2,Q✓ π✓ G✗,1000,ipw,2.66982,-0.25736161330036356,0.013606657865443234,0.001537541854425321,0.03438048104746104,0.04207083591839006,1.2236837483545608,0.036943126293912186,0.96,0.008763560920082661,0.1649146463990772,500.0
C2,Q✓ π✓ G✗,1000,tmle,0.513946,-0.09886684941881166,-0.0006639185336000639,0.0009294022616425085,0.020782066354746945,0.02154790581333208,1.0368509774491317,0.0207718867999134,0.938,0.010784804124322337,0.0844662386727843,500.0
C2,Q✓ π✓ G✗,1000,tmle,1.149562,-0.17473091250511089,3.548076394910915e-05,0.0012125368789920761,0.027113148866517188,0.027104930025358215,0.9996968688071077,0.027086045386132265,0.95,0.00974679434480897,0.10624937330636086,500.0
C2,Q✓ π✓ G✗,1000,tmle,2.66982,-0.25736161330036356,0.0017095348902960684,0.0014746159914148036,0.03297341597511748,0.031582241451285575,0.9578092083367488,0.032984756756525214,0.936,0.01094568408095172,0.12380011159113548,500.0
C2,Q✓ π✓ G✗,1000,tmle (concrete),0.513946,-0.09886684941881166,0.0008587324068286939,0.0012943958198192826,0.01574700478434276,0.0216780539556783,1.3766461782772035,0.015717191876613513,1.0,0.0,0.08497641068637413,148.0
C2,Q✓ π✓ G✗,1000,tmle (concrete),1.149562,-0.17473091250511089,0.0019723038804922003,0.0017271986801085614,0.021012278827489794,0.027190580094159266,1.2940328994010193,0.021033844842078014,1.0,0.0,0.10658511624733756,148.0
C2,Q✓ π✓ G✗,1000,tmle (concrete),2.66982,-0.25736161330036356,0.0032320555383232395,0.002026177104011901,0.0246495083360635,0.031770597122956754,1.288893745457581,0.024777793496509083,0.9864864864864865,0.009490713265293112,0.1245384532389976,148.0
C3,Q✓ π✗ G✓,1000,aipw,0.513946,-0.09886684941881166,-0.0016314073623974286,0.0008736329016041597,0.019535025553672862,0.018099351773018846,0.9265077091038619,0.019583551233572805,0.916,0.012405160216619531,0.07094815523727621,500.0
C3,Q✓ π✗ G✓,1000,aipw,1.149562,-0.17473091250511089,-0.0005669951578809265,0.0011247745092717559,0.02515072262090614,0.02369837192600801,0.94225411663954,0.0251319560354166,0.932,0.01125841907196565,0.09289591093442164,500.0
C3,Q✓ π✗ G✓,1000,aipw,2.66982,-0.25736161330036356,4.61362129086268e-05,0.0013299608359236288,0.029738828365376783,0.029024677802352947,0.9759859213601273,0.029709110475919495,0.936,0.01094568408095172,0.11377464631098187,500.0
C3,Q✓ π✗ G✓,1000,gcomp,0.513946,-0.09886684941881166,-0.0014961520343007649,0.0006761151753136877,0.015118394926205937,,,0.015177193558895605,,,,500.0
C3,Q✓ π✗ G✓,1000,gcomp,1.149562,-0.17473091250511089,-0.0009721620468742861,0.000937971459013893,0.020973679433097227,,,0.020975236293061965,,,,500.0
C3,Q✓ π✗ G✓,1000,gcomp,2.66982,-0.25736161330036356,-7.813875183302854e-05,0.0011462838440261807,0.025631685967523063,,,0.02560616067572765,,,,500.0
C3,Q✓ π✗ G✓,1000,ipw,0.513946,-0.09886684941881166,0.022511113197631487,0.00081354965699637,0.018191523361155208,0.019402670819605804,1.066577572114537,0.028931295798004547,0.786,0.01834142851579451,0.07605707202062724,500.0
C3,Q✓ π✗ G✓,1000,ipw,1.149562,-0.17473091250511089,0.03595155388095786,0.0010734933456774743,0.024004040943285128,0.02693668929441725,1.1221731106883692,0.043215226715812925,0.722,0.020035768016225385,0.10558988175960693,500.0
C3,Q✓ π✗ G✓,1000,ipw,2.66982,-0.25736161330036356,0.03571732000150423,0.0013039579804031923,0.029157386839848774,0.035553936124347055,1.219380060347392,0.046088825641404485,0.884,0.014320893826853127,0.13936886862471562,500.0
C3,Q✓ π✗ G✓,1000,tmle,0.513946,-0.09886684941881166,-0.0016814164286284936,0.0008905062283706735,0.01991232461023778,0.01807875456356772,0.9079178306621547,0.019963337177114855,0.914,0.01253826144248077,0.07086741565986375,500.0
C3,Q✓ π✗ G✓,1000,tmle,1.149562,-0.17473091250511089,-0.0006617303924658816,0.0011417547504582088,0.02553041235657864,0.023670742628934312,0.9271586489998416,0.025513452104704737,0.92,0.012132600710482479,0.09278760608005643,500.0
C3,Q✓ π✗ G✓,1000,tmle,2.66982,-0.25736161330036356,0.00023546509168104258,0.001340200276745572,0.029967789222671296,0.028983772303033763,0.9671641804363366,0.02993873240339453,0.938,0.010784804124322337,0.11361429970011143,500.0
C3,Q✓ π✗ G✓,1000,tmle (concrete),0.513946,-0.09886684941881166,-0.0003225260487589888,0.0013720685149194176,0.016804338768454306,0.018032982463493302,1.073114670679304,0.016751335841880533,0.9466666666666667,0.018346459947155818,0.0706879928821564,150.0
C3,Q✓ π✗ G✓,1000,tmle (concrete),1.149562,-0.17473091250511089,0.00024257966072513922,0.0017589887527416006,0.021543124537557634,0.023694648878195567,1.0998705799099397,0.021472564315894917,0.98,0.01143095213298817,0.0928813175878074,150.0
C3,Q✓ π✗ G✓,1000,tmle (concrete),2.66982,-0.25736161330036356,0.0030484539591595465,0.00218919577803277,0.026812063016177543,0.029007036662816284,1.0818651532078813,0.02689585872527655,0.9466666666666667,0.018346459947155818,0.11370549521160016,150.0
C4,Q✓ π✗ G✗,1000,aipw,0.513946,-0.09886684941881166,-0.0008667732778203861,0.0009304009691266515,0.02080439813298876,0.01789513594434198,0.8601611942797003,0.02080164973331918,0.908,0.012925633446759966,0.07014764389871692,500.0
C4,Q✓ π✗ G✗,1000,aipw,1.149562,-0.17473091250511089,-0.0015579881820778872,0.0012075729394451355,0.027002151803885602,0.02326919300969325,0.8617532846528483,0.027020090614420535,0.906,0.013050976974924135,0.09121356049661991,500.0
C4,Q✓ π✗ G✗,1000,aipw,2.66982,-0.25736161330036356,-0.0030792432015241578,0.0013217577758899762,0.02955540236678919,0.0284362238306502,0.9621328607795715,0.029685964766852622,0.948,0.009929350431926557,0.11146794912878802,500.0
C4,Q✓ π✗ G✗,1000,gcomp,0.513946,-0.09886684941881166,-0.0010916717872397849,0.0007196277640132465,0.01609136598829796,,,0.01611229166014782,,,,500.0
C4,Q✓ π✗ G✗,1000,gcomp,1.149562,-0.17473091250511089,-0.0013556057800221128,0.000988837776571016,0.02211108487132541,,,0.022130520578364416,,,,500.0
C4,Q✓ π✗ G✗,1000,gcomp,2.66982,-0.25736161330036356,-0.0022706831841688463,0.0011252563256581288,0.02516149636283217,,,0.025238674678779188,,,,500.0
C4,Q✓ π✗ G✗,1000,ipw,0.513946,-0.09886684941881166,0.024410526392792092,0.0008372979313407945,0.01872255091897968,0.019167194111841215,1.02374907109537,0.030752343713303522,0.754,0.019260529587734602,0.07513402028779394,500.0
C4,Q✓ π✗ G✗,1000,ipw,1.149562,-0.17473091250511089,0.038962137649868396,0.00109880023417099,0.024569920172990208,0.026333985863780954,1.0717977786810227,0.04604912361380821,0.698,0.02053270561811083,0.10322732772479515,500.0
C4,Q✓ π✗ G✗,1000,ipw,2.66982,-0.25736161330036356,0.04263783384974691,0.0012428108398732883,0.027790095211302792,0.034323364815978384,1.2350934588384705,0.050879560615911285,0.808,0.017614539448989292,0.1345451177350938,500.0
C4,Q✓ π✗ G✗,1000,tmle,0.513946,-0.09886684941881166,-0.0009713578024490846,0.0009538296399410345,0.021328279138623018,0.017876527217858134,0.8381607865158627,0.0213290702097717,0.9,0.013416407864998736,0.07007469903130391,500.0
C4,Q✓ π✗ G✗,1000,tmle,1.149562,-0.17473091250511089,-0.0015002654267499236,0.001231026915128208,0.02752659864358538,0.023246856352560453,0.8445233882166459,0.027539952831658367,0.902,0.013296315279053816,0.0911260024095893,500.0
C4,Q✓ π✗ G✗,1000,tmle,2.66982,-0.25736161330036356,-0.0030100522334768503,0.0013381207924438438,0.02992129054010322,0.02840607586491874,0.9493599825464195,0.03004252776945307,0.942,0.010453324829928518,0.11134977127470637,500.0
C4,Q✓ π✗ G✗,1000,tmle (concrete),0.513946,-0.09886684941881166,-0.001981826661889613,0.001457499112143752,0.017791043972265202,0.01801937176785318,1.0128338615734929,0.017841652918912827,0.912751677852349,0.023118610480247017,0.07063463993521718,149.0
C4,Q✓ π✗ G✗,1000,tmle (concrete),1.149562,-0.17473091250511089,-0.00042150673246850895,0.002071956359530007,0.025291450535976166,0.02333193254708404,0.9225225146298042,0.025209961027011694,0.9261744966442953,0.021421825790562725,0.09145949568542606,149.0
C4,Q✓ π✗ G✗,1000,tmle (concrete),2.66982,-0.25736161330036356,-8.014765878566437e-05,0.0022362401421025125,0.027296789664710556,0.028467894807481804,1.0429026694038406,0.027205153549897623,0.9530201342281879,0.01733459859981212,0.11159209795690256,149.0
C5,Q✗ π✓ G✓,1000,aipw,0.513946,-0.09886684941881166,0.0010980242970314853,0.0010017049446361,0.02239880349603983,0.022045125134720525,0.9842099440096506,0.02240331766982224,0.942,0.010453324829928518,0.08641530259746187,500.0
C5,Q✗ π✓ G✓,1000,aipw,1.149562,-0.17473091250511089,-0.00042721010600209184,0.0012671082557035723,0.028333401946043734,0.028122557088478307,0.9925584348124893,0.02830827813518641,0.942,0.010453324829928518,0.11023839809317817,500.0
C5,Q✗ π✓ G✓,1000,aipw,2.66982,-0.25736161330036356,0.0013466911952198992,0.001502375851974751,0.03359414532769705,0.03322020845004033,0.9888689867234568,0.03358754299250118,0.948,0.009929350431926557,0.13022082424198445,500.0
C5,Q✗ π✓ G✓,1000,gcomp,0.513946,-0.09886684941881166,0.028707195679388547,0.0005638467667140425,0.012607996992660648,,,0.031348791823056124,,,,500.0
C5,Q✗ π✓ G✓,1000,gcomp,1.149562,-0.17473091250511089,0.04713176132971814,0.0008582883476547235,0.01919191089651934,,,0.05088217478659627,,,,500.0
C5,Q✗ π✓ G✓,1000,gcomp,2.66982,-0.25736161330036356,0.055844690701814484,0.0011846010284257366,0.026488484257761076,,,0.061796974021859956,,,,500.0
C5,Q✗ π✓ G✓,1000,ipw,0.513946,-0.09886684941881166,0.001173857484608418,0.0010310052397373318,0.023053978012111412,0.024182612777085603,1.048956182936466,0.02306080813355685,0.95,0.00974679434480897,0.09479410019033184,500.0
C5,Q✗ π✓ G✓,1000,ipw,1.149562,-0.17473091250511089,-0.00042697564589409505,0.001345506951431031,0.03008645007598293,0.03328388014580193,1.1062747536430497,0.03005938118824888,0.97,0.007628892449104264,0.13047041270303908,500.0
C5,Q✗ π✓ G✓,1000,ipw,2.66982,-0.25736161330036356,0.0012986481730008414,0.0016418283461081939,0.03671239789283974,0.04273310917463055,1.1639966776173198,0.03669865182539187,0.976,0.006844559883586383,0.16751070985938804,500.0
C5,Q✗ π✓ G✓,1000,tmle,0.513946,-0.09886684941881166,0.0006147275998542042,0.0009966988214969007,0.02228686317960999,0.021922896576651717,0.9836690071624228,0.022273049900449305,0.942,0.010453324829928518,0.0859361754540676,500.0
C5,Q✗ π✓ G✓,1000,tmle,1.149562,-0.17473091250511089,-0.0005779786233096291,0.0012504020970500764,0.027959840882122604,0.027742175703793753,0.9922150780740664,0.027937846302789882,0.948,0.009929350431926557,0.10874733046443574,500.0
C5,Q✗ π✓ G✓,1000,tmle,2.66982,-0.25736161330036356,0.0007963909139684167,0.0014862929309917667,0.033234520281749946,0.032545470645031924,0.9792670503176663,0.03321081917341371,0.946,0.010107818755794947,0.12757590064833627,500.0
C5,Q✗ π✓ G✓,1000,tmle (concrete),0.513946,-0.09886684941881166,0.018423662957066416,0.0012191903183696464,0.014931970896735031,0.02167762738916432,1.4517592847642282,0.023683510858487956,0.9,0.02449489742783178,0.08497473857635211,150.0
C5,Q✗ π✓ G✓,1000,tmle (concrete),1.149562,-0.17473091250511089,0.02896874672919464,0.0016800647541460154,0.02057650691246103,0.027430297582338163,1.3330881523785998,0.03549307405960574,0.9066666666666666,0.023751803050466473,0.1075247915413397,150.0
C5,Q✗ π✓ G✓,1000,tmle (concrete),2.66982,-0.25736161330036356,0.03421918051452638,0.0022915248440614905,0.028065333004307216,0.03211696498018405,1.144364293673445,0.04419687936514802,0.8466666666666667,0.029419066631718307,0.12589619030084293,150.0
C6,Q✗ π✓ G✗,1000,aipw,0.513946,-0.09886684941881166,0.0005964503880874285,0.0009794232162002672,0.02190056890165271,0.022031329733978918,1.0059706591601985,0.021886786000805496,0.946,0.010107818755794947,0.08636122562025018,500.0
C6,Q✗ π✓ G✗,1000,aipw,1.149562,-0.17473091250511089,0.004391448529125132,0.001299340336784731,0.02905413318958129,0.028070607898200057,0.9661485240339601,0.029355394568479035,0.926,0.011706750189527404,0.11003476100923539,500.0
C6,Q✗ π✓ G✗,1000,aipw,2.66982,-0.25736161330036356,0.011607440811242833,0.0014317352060423262,0.03201457246490309,0.03294324358425442,1.0290077626483818,0.034023751506805006,0.936,0.01094568408095172,0.1291351419181377,500.0
C6,Q✗ π✓ G✗,1000,gcomp,0.513946,-0.09886684941881166,0.02874193863483431,0.0005639717565509107,0.012610791850377985,,,0.03138173104594382,,,,500.0
C6,Q✗ π✓ G✗,1000,gcomp,1.149562,-0.17473091250511089,0.04704641630646353,0.0008526492696938232,0.0190658172800094,,,0.05075572544116253,,,,500.0
C6,Q✗ π✓ G✗,1000,gcomp,2.66982,-0.25736161330036356,0.05574731280227587,0.001122698361191797,0.0251042985385247,,,0.06112878403972995,,,,500.0
C6,Q✗ π✓ G✗,1000,ipw,0.513946,-0.09886684941881166,0.0002861594859444242,0.0010025989041943524,0.02241879303945371,0.02419037957907632,1.0790223869993751,0.02239819108844646,0.958,0.00897061870775924,0.09482454549468558,500.0
C6,Q✗ π✓ G✗,1000,ipw,1.149562,-0.17473091250511089,0.00378095771772404,0.0013828811731182765,0.030922163078971214,0.03316042520383267,1.0723837501000568,0.031121752045904203,0.956,0.009172131704244116,0.12998647822309264,500.0
C6,Q✗ π✓ G✗,1000,ipw,2.66982,-0.25736161330036356,0.012217093982447781,0.001556825495012699,0.03481167635953155,0.04224876424528659,1.2136377406518875,0.03686036476643725,0.97,0.007628892449104264,0.16561211262417055,500.0
C6,Q✗ π✓ G✗,1000,tmle,0.513946,-0.09886684941881166,0.0007669343875447612,0.000989239991676906,0.02212007867450888,0.02200424037210106,0.9947632056778662,0.02211125218435465,0.944,0.010282412168358165,0.08625503727296063,500.0
C6,Q✗ π✓ G✗,1000,tmle,1.149562,-0.17473091250511089,0.0047937753930771786,0.0013053419549867728,0.02918833345232895,0.02786606081512933,0.9546985908133746,0.02955055286494939,0.932,0.01125841907196565,0.10923295117731271,500.0
C6,Q✗ π✓ G✗,1000,tmle,2.66982,-0.25736161330036356,0.011448423047284313,0.0014480454651266943,0.032379280945335896,0.032345323275175614,0.9989512531109751,0.03431307898072554,0.932,0.01125841907196565,0.1267913373752987,500.0
C6,Q✗ π✓ G✗,1000,tmle (concrete),0.513946,-0.09886684941881166,0.020118484020638795,0.0012139164000380062,0.014414458599116853,0.021825295829048238,1.5141252568712802,0.02471955547674899,0.9290780141843972,0.02161757522168168,0.0855535882285694,141.0
C6,Q✗ π✓ G✗,1000,tmle (concrete),1.149562,-0.17473091250511089,0.03381768586631403,0.0018237363465128306,0.02165566925505807,0.027518903000802137,1.270748212705299,0.04011580578743958,0.8156028368794326,0.03265930399227698,0.10787211840212833,141.0
C6,Q✗ π✓ G✗,1000,tmle (concrete),2.66982,-0.25736161330036356,0.04376922994263997,0.002259741279657642,0.02683294098285566,0.03211292138419065,1.1967723331075977,0.05128982141624317,0.7304964539007093,0.037366441569905345,0.12588033969568768,141.0
C7,Q✗ π✗ G✓,1000,aipw,0.513946,-0.09886684941881166,0.005749402897426479,0.0009166058928836589,0.02049593085064752,0.018289601260038542,0.8923527988708415,0.02126731409342966,0.906,0.013050976974924135,0.07169391952254787,500.0
C7,Q✗ π✗ G✓,1000,aipw,1.149562,-0.17473091250511089,0.011136130708395371,0.001103984748564841,0.02468584943913998,0.02406978805663061,0.9750439463698345,0.027058931748339406,0.902,0.013296315279053816,0.09435183541301669,500.0
C7,Q✗ π✗ G✓,1000,aipw,2.66982,-0.25736161330036356,0.011935598946604987,0.0013556851091926021,0.030314040602388837,0.029586446785196705,0.9759981248710607,0.03255090932281601,0.934,0.01110351295761841,0.11597674025899281,500.0
C7,Q✗ π✗ G✓,1000,gcomp,0.513946,-0.09886684941881166,0.027802400532262125,0.0005463471244786737,0.012216693096458538,,,0.030363177870390324,,,,500.0
C7,Q✗ π✗ G✓,1000,gcomp,1.149562,-0.17473091250511089,0.046514662787050076,0.0008401599457272643,0.01878654750618697,,,0.05015817333855766,,,,500.0
C7,Q✗ π✗ G✓,1000,gcomp,2.66982,-0.25736161330036356,0.05520546943790694,0.001138067634906431,0.025447965946431922,,,0.0607778547558962,,,,500.0
C7,Q✗ π✗ G✓,1000,ipw,0.513946,-0.09886684941881166,0.02297848838933635,0.0008716171506103346,0.019489951991193806,0.0194427526463237,0.9975782729022918,0.03011825759934772,0.758,0.019153902996517445,0.07621418989423055,500.0
C7,Q✗ π✗ G✓,1000,ipw,1.149562,-0.17473091250511089,0.03501534895342134,0.0010751830015332015,0.024041822796804987,0.026977126624094898,1.122091567353204,0.04246089833289035,0.742,0.019567115270269147,0.1057483931792052,500.0
C7,Q✗ π✗ G✓,1000,ipw,2.66982,-0.25736161330036356,0.03399519004585592,0.0013588379610007877,0.030384540512049696,0.035659951485726794,1.1736215484840067,0.045574628992214455,0.858,0.01560999679692472,0.1397844412049402,500.0
C7,Q✗ π✗ G✓,1000,tmle,0.513946,-0.09886684941881166,0.004551722982869843,0.0009267944871290887,0.020723754743926962,0.018249363839629013,0.8806012262317927,0.021197482038625436,0.904,0.013174520864152895,0.07153619173288092,500.0
C7,Q✗ π✗ G✓,1000,tmle,1.149562,-0.17473091250511089,0.009357294620864971,0.0011142751244672929,0.024915949239459063,0.02398633814041006,0.9626901190833705,0.026591763387785378,0.92,0.012132600710482479,0.09402471775240634,500.0
C7,Q✗ π✗ G✓,1000,tmle,2.66982,-0.25736161330036356,0.009998105989932738,0.0013635683954850842,0.03049031624274966,0.029442915600951927,0.9656480886108619,0.03205873031172081,0.936,0.01094568408095172,0.11541410835543653,500.0
C7,Q✗ π✗ G✓,1000,tmle (concrete),0.513946,-0.09886684941881166,0.01772469829497033,0.0012156386999674774,0.014888472632503067,0.01821211533195785,1.2232359746693513,0.02311609330158663,0.8866666666666667,0.025882927305966103,0.07139018082897089,150.0
C7,Q✗ π✗ G✓,1000,tmle (concrete),1.149562,-0.17473091250511089,0.030892004656598467,0.0016452863884652128,0.02015056066243159,0.023947023867993363,1.1884048423843532,0.03684635774962795,0.7733333333333333,0.034184683596496734,0.09387060937681549,150.0
C7,Q✗ π✗ G✓,1000,tmle (concrete),2.66982,-0.25736161330036356,0.03620541751637671,0.0020605164977518155,0.025236070130392946,0.029434192858433558,1.1663540601349265,0.044084529768658766,0.76,0.03487119154832539,0.11537991674317373,150.0
C8,Q✗ π✗ G✗,1000,aipw,0.513946,-0.09886684941881166,0.009633007007125797,0.0008510126124047692,0.01902922051046745,0.017975806765421716,0.944642307105208,0.021311542289774756,0.9,0.013416407864998736,0.07046386770655602,500.0
C8,Q✗ π✗ G✗,1000,aipw,1.149562,-0.17473091250511089,0.0182452723882556,0.001083562715756963,0.02422919890316852,0.023559780247616288,0.9723714078113953,0.03031121798694282,0.884,0.014320893826853127,0.09235264153801215,500.0
C8,Q✗ π✗ G✗,1000,aipw,2.66982,-0.25736161330036356,0.02549739890468162,0.0013636842675963442,0.0304929072219244,0.02876401864355914,0.9433019434394176,0.03972499347976861,0.84,0.01639512122553536,0.11275288118402915,500.0
C8,Q✗ π✗ G✗,1000,gcomp,0.513946,-0.09886684941881166,0.02841414154057189,0.0005607604685197095,0.012538985267047014,,,0.03105277988702172,,,,500.0
C8,Q✗ π✗ G✗,1000,gcomp,1.149562,-0.17473091250511089,0.04747696718051647,0.0008522613289736043,0.019057142661792904,,,0.05115184014010544,,,,500.0
C8,Q✗ π✗ G✗,1000,gcomp,2.66982,-0.25736161330036356,0.05536105306370856,0.0011352276203321504,0.025384461289980113,,,0.06089276089614667,,,,500.0
C8,Q✗ π✗ G✗,1000,ipw,0.513946,-0.09886684941881166,0.026585057734859995,0.0008070316042252064,0.01804577527038268,0.019057120765052216,1.0560433386494283,0.03212108341673388,0.704,0.020414896521902825,0.07470254069706549,500.0
C8,Q✗ π✗ G✗,1000,ipw,1.149562,-0.17473091250511089,0.04172645428731218,0.0010342643704769553,0.02312685439092499,0.026258479413377934,1.1354107640199351,0.04769568826028367,0.662,0.02115447943108031,0.1029313478780144,500.0
C8,Q✗ π✗ G✗,1000,ipw,2.66982,-0.25736161330036356,0.04670660542450017,0.0013265428544082076,0.02966239997523359,0.034166861523961006,1.1518576228655937,0.055313698544086756,0.734,0.019760769215797242,0.13393163610346176,500.0
C8,Q✗ π✗ G✗,1000,tmle,0.513946,-0.09886684941881166,0.008039301466573076,0.0008563955514269278,0.019149586686190278,0.017947767809739196,0.9372404795912502,0.020750990939756495,0.9,0.013416407864998736,0.0703539570199523,500.0
C8,Q✗ π✗ G✗,1000,tmle,1.149562,-0.17473091250511089,0.015943836725737206,0.0010946735299220294,0.024477644260753082,0.02350785461853538,0.9603805974183292,0.02919182570439596,0.888,0.014103616557464968,0.09214909681226582,500.0
C8,Q✗ π✗ G✗,1000,tmle,2.66982,-0.25736161330036356,0.022410760304880213,0.0013738809851921885,0.030720912758841153,0.02868982090619833,0.9338856931567472,0.03800169876752421,0.854,0.015791390059142988,0.11246203139810604,500.0
C8,Q✗ π✗ G✗,1000,tmle (concrete),0.513946,-0.09886684941881166,0.02109527019008988,0.001228257196935451,0.014790175203980547,0.017946867135312645,1.213431679327404,0.025734239666551487,0.8275862068965517,0.03136957421705807,0.07035042699599181,145.0
C8,Q✗ π✗ G✗,1000,tmle (concrete),1.149562,-0.17473091250511089,0.035459361836339444,0.0017127121413310481,0.020623785236083693,0.02350618297851852,1.1397608493998348,0.04098503966602311,0.696551724137931,0.03817992067859092,0.09214254483061815,145.0
C8,Q✗ π✗ G✗,1000,tmle (concrete),2.66982,-0.25736161330036356,0.04364680706062396,0.002281712882630419,0.02747546147784299,0.02876061090741732,1.046774443829113,0.05152415488223951,0.6620689655172414,0.03928092020975729,0.11273952399309058,145.0
