cell,implementation,n,median_n_times,n_runs,mean_s,sd_s,median_s,q05_s,q95_s,min_s,max_s,total_s,median_steps,median_s_per_step,median_ns_per_step_cell
C1_n1000,tmle,1000.0,1000.0,500.0,42.38229099845886,26.831329592655713,36.28301465511322,15.430119931697845,84.88914538621901,9.893703937530518,311.01598620414734,21191.14549922943,28.0,1.3356353345939092,1335.635334593909
C1_n1000,tmle (concrete),1000.0,1000.0,150.0,5.083238897323608,2.6931807462341393,4.247692108154297,1.9676262855529785,10.467097604274748,1.2366251945495605,14.741443872451782,762.4858345985413,26.0,0.16182721070348532,161.82721070348532
C1_n250,tmle,250.0,250.0,500.0,6.296887392997742,8.374086918890002,2.400106191635132,0.8096252202987672,26.583825588226315,0.4565873146057129,32.011340379714966,3148.443696498871,26.5,0.08840912939982012,1414.5460703971219
C1_n250,tmle (concrete),250.0,250.0,148.0,0.5660862503825007,0.5270200856904476,0.4086577892303467,0.14061200618743896,1.8408586621284486,0.11130046844482422,3.4471473693847656,83.78076505661011,25.5,0.01515289625296226,242.44634004739612
C1_n500,tmle,500.0,500.0,500.0,11.675158020496369,11.366656691082934,9.234785079956055,3.3627475619316103,25.91564141511915,2.0112569332122803,92.25065398216248,5837.579010248184,28.0,0.33826623360315955,1353.0649344126384
C1_n500,tmle (concrete),500.0,500.0,150.0,1.4602444871266682,0.9075543230613484,1.28481924533844,0.5163915276527404,3.016517043113707,0.32865238189697266,6.147061586380005,219.03667306900024,28.5,0.045429861058994214,181.71944423597685
C2_n1000,tmle,1000.0,1000.0,500.0,49.42911290073395,52.077159758304084,38.099506855010986,14.555815494060518,100.98271688222884,9.075274229049683,415.027268409729,24714.556450366974,28.5,1.333216552856641,1333.2165528566409
C2_n1000,tmle (concrete),1000.0,1000.0,148.0,5.069551023277077,2.7937056243789926,4.3929619789123535,1.9441717982292175,10.155482566356659,1.261850357055664,17.09152865409851,750.2935514450073,27.0,0.1595196823985614,159.5196823985614
C2_n250,tmle,250.0,250.0,500.0,9.951539622783661,10.838370595446838,3.075803756713867,0.812580692768097,27.25674670934677,0.5098733901977539,31.09327530860901,4975.76981139183,26.0,0.09429478970440952,1508.7166352705522
C2_n250,tmle (concrete),250.0,250.0,145.0,0.5296954187853583,0.40856781096550515,0.41161370277404785,0.13524813652038575,1.3914653301239002,0.10212850570678711,2.3022611141204834,76.80583572387695,25.0,0.01504388088133277,240.70209410132432
C2_n500,tmle,500.0,500.0,500.0,19.528505394935607,26.741255063706312,9.636543035507202,3.4435765147209167,96.6066086411476,2.3286402225494385,113.39186644554138,9764.252697467804,28.0,0.3472917199134827,1389.1668796539307
C2_n500,tmle (concrete),500.0,500.0,146.0,1.6481503999396547,1.1817421265685004,1.3279277086257935,0.5032949447631836,3.939962923526764,0.3963789939880371,8.02832579612732,240.62995839118958,29.0,0.045406103350114135,181.62441340045655
C3_n1000,tmle,1000.0,1000.0,500.0,28.880896498203278,14.018974174418405,25.898226022720337,12.09627970457077,53.640070211887334,5.886146068572998,112.22708511352539,14440.448249101639,19.0,1.3959131176655108,1395.913117665511
C3_n1000,tmle (concrete),1000.0,1000.0,150.0,3.8379792547225953,1.9159406080455053,3.6456300020217896,1.5622235059738159,7.03255983591079,0.8970005512237549,13.524189233779907,575.6968882083893,22.5,0.1632973523367019,163.2973523367019
C3_n250,tmle,250.0,250.0,500.0,2.5142492876052858,3.731042591983748,1.4718066453933716,0.6225284934043884,6.829540812969205,0.45150113105773926,24.103434324264526,1257.1246438026428,17.0,0.08564507109778269,1370.3211375645228
C3_n250,tmle (concrete),250.0,250.0,149.0,0.3917641383689522,0.29171851679293087,0.3043811321258545,0.13284568786621093,0.9133837699890133,0.09823846817016602,1.8522467613220215,58.37285661697388,18.0,0.016039521605880173,256.63234569408274
C3_n500,tmle,500.0,500.0,500.0,7.196967504501343,4.22808874321415,6.144982218742371,2.702636921405792,14.710543382167815,1.8926963806152344,36.87020754814148,3598.4837522506714,17.5,0.3561018705368042,1424.4074821472168
C3_n500,tmle (concrete),500.0,500.0,150.0,1.0267369031906128,0.5598920466533371,0.8900078535079956,0.3815829873085022,1.9591301560401913,0.218825101852417,3.4458861351013184,154.01053547859192,19.0,0.04766025062485453,190.64100249941808
C4_n1000,tmle,1000.0,1000.0,500.0,29.70019092512131,26.031549736101983,25.267164826393127,11.679675936698914,53.00938626527786,7.096825361251831,352.1376802921295,14850.095462560654,18.0,1.4124304492489186,1412.4304492489184
C4_n1000,tmle (concrete),1000.0,1000.0,149.0,3.4187917453330634,1.4339707555424712,3.176923990249634,1.5627615451812744,5.841049623489379,1.13981032371521,9.57731294631958,509.39997005462646,19.0,0.1654252847035726,165.4252847035726
C4_n250,tmle,250.0,250.0,500.0,5.4097156915664675,8.466014728151846,1.6358262300491333,0.6052568316459656,26.18540756702423,0.3088517189025879,28.7560613155365,2704.8578457832336,19.0,0.09219103317329849,1475.056530772776
C4_n250,tmle (concrete),250.0,250.0,138.0,0.33656670563462854,0.26065233357150025,0.2747485637664795,0.09638499021530152,0.7203449368476869,0.05768537521362305,1.7875869274139404,46.446205377578735,16.0,0.01496039216335003,239.36627461360055
C4_n500,tmle,500.0,500.0,500.0,8.52463487625122,10.412618952442953,6.2462886571884155,2.63679758310318,16.35461798906325,1.4757192134857178,96.79313278198242,4262.31743812561,18.0,0.35113733096255195,1404.5493238502079
C4_n500,tmle (concrete),500.0,500.0,148.0,1.0304001022029567,0.532711134200341,0.8867307901382446,0.43610984086990356,1.9759940624237065,0.267977237701416,3.560671329498291,152.4992151260376,18.5,0.046755992703967623,187.02397081587048
C5_n1000,tmle,1000.0,1000.0,500.0,48.39059840726853,51.30337136918672,36.990435004234314,15.718450689315796,100.26563905477522,10.532017946243286,439.5836179256439,24195.299203634262,28.0,1.3306686062561837,1330.668606256184
C5_n1000,tmle (concrete),1000.0,1000.0,150.0,4.947628386815389,2.7699361800280244,4.312094688415527,1.89572616815567,9.551532149314879,1.2834491729736328,17.919641256332397,742.1442580223083,27.0,0.15696863324056395,156.96863324056395
C5_n250,tmle,250.0,250.0,500.0,7.521316512107849,9.337245710673272,2.648749351501465,0.8040119886398316,27.11852022409439,0.4747917652130127,29.064953804016113,3760.6582560539246,27.0,0.09060444046991953,1449.6710475187124
C5_n250,tmle (concrete),250.0,250.0,145.0,0.5367317199707031,0.5104845659301697,0.396512508392334,0.13435134887695313,1.4904678344726536,0.09275102615356445,2.767524480819702,77.82609939575195,24.0,0.014920239545861068,238.7238327337771
C5_n500,tmle,500.0,500.0,500.0,13.846153835296631,15.583542717219999,9.748500943183899,3.5819624423980714,32.01858705282205,2.0811514854431152,113.5017569065094,6923.076917648315,29.0,0.33675167518002647,1347.006700720106
C5_n500,tmle (concrete),500.0,500.0,149.0,1.6871771988452682,1.0803702948140828,1.4831392765045166,0.5079467296600342,3.7412308692932106,0.37937402725219727,6.950447082519531,251.38940262794495,34.0,0.04494949362494729,179.79797449978915
C6_n1000,tmle,1000.0,1000.0,500.0,49.24537484312057,46.90237272635811,40.275789737701416,15.620252180099488,98.84212616682048,10.35639500617981,447.7322909832001,24622.687421560287,31.0,1.305908819718918,1305.9088197189178
C6_n1000,tmle (concrete),1000.0,1000.0,141.0,5.215350247443991,2.703337698137309,4.587981939315796,1.881662368774414,10.826552391052246,1.519693374633789,15.670142650604248,735.3643848896027,29.0,0.15969531676348517,159.69531676348518
C6_n250,tmle,250.0,250.0,500.0,10.023820492267609,10.901931252006436,3.260706663131714,0.8143136143684387,27.520703172683714,0.4564788341522217,29.941100120544434,5011.910246133804,27.0,0.09572673754559623,1531.6278007295396
C6_n250,tmle (concrete),250.0,250.0,142.0,0.5683182461161009,0.5198806912193096,0.40666842460632324,0.14533301591873168,1.7733216524124145,0.10047364234924316,2.7319395542144775,80.70119094848633,26.5,0.014695429801940918,235.1268768310547
C6_n500,tmle,500.0,500.0,500.0,17.96690629339218,24.357492660728962,9.91549289226532,3.7134216308593753,89.80061089992509,2.299729108810425,122.29355907440186,8983.45314669609,28.0,0.3391971552907434,1356.7886211629739
C6_n500,tmle (concrete),500.0,500.0,142.0,1.5048039244933866,0.9188707723922783,1.3022319078445435,0.5765613317489624,3.087136006355284,0.4332761764526367,5.865783452987671,213.6821572780609,29.0,0.044634638161494815,178.53855264597925
C7_n1000,tmle,1000.0,1000.0,500.0,30.988325283527374,14.266682117556158,28.159754872322083,14.140682792663576,58.56750310659408,8.566551208496094,93.72425889968872,15494.162641763687,21.0,1.3791212271275133,1379.1212271275133
C7_n1000,tmle (concrete),1000.0,1000.0,150.0,4.017593604723612,1.8865767506170175,3.407754898071289,1.9739651441574098,7.435233283042907,1.2812542915344238,11.110972881317139,602.6390407085419,21.0,0.16477168962067248,164.7716896206725
C7_n250,tmle,250.0,250.0,500.0,2.4828584856987,2.8332874633863017,1.6422243118286133,0.6244619250297546,6.817021894454951,0.31087422370910645,21.029088973999023,1241.42924284935,20.0,0.08545369824072473,1367.2591718515957
C7_n250,tmle (concrete),250.0,250.0,148.0,0.43655564817222386,0.37125470768532015,0.2968858480453491,0.10902016162872315,1.172948944568634,0.05790305137634277,2.502053737640381,64.61023592948914,20.0,0.014782636945698119,236.5221911311699
C7_n500,tmle,500.0,500.0,500.0,7.846418480396271,4.823859942041044,6.474796652793884,2.993405854701996,17.41205493211745,2.0669710636138916,36.006678104400635,3923.2092401981354,19.0,0.34265464836067255,1370.6185934426903
C7_n500,tmle (concrete),500.0,500.0,150.0,1.1637586943308513,0.6606160425992619,0.9998061656951904,0.43219949007034303,2.6681902408599787,0.2902064323425293,3.685723304748535,174.56380414962769,23.0,0.045178604056263526,180.7144162250541
C8_n1000,tmle,1000.0,1000.0,500.0,28.907581087589264,14.885538280584278,25.924845933914185,13.395128309726715,51.47456800937651,9.212644815444946,221.43699622154236,14453.790543794632,19.0,1.3816963831583657,1381.696383158366
C8_n1000,tmle (concrete),1000.0,1000.0,145.0,3.5618792550317173,1.52475085780308,3.2464535236358643,1.5508854866027832,6.425330066680907,1.0696353912353516,8.949864387512207,516.472491979599,20.0,0.16332184184681287,163.32184184681287
C8_n250,tmle,250.0,250.0,500.0,3.227843819141388,5.24624059751874,1.5629454851150513,0.6312469601631164,20.578755569457993,0.19692206382751465,25.447266340255737,1613.921909570694,19.0,0.08832294671308427,1413.1671474093484
C8_n250,tmle (concrete),250.0,250.0,142.0,0.3985094050286521,0.39316459330993425,0.301510214805603,0.122032630443573,0.8147630691528319,0.07206916809082031,2.7922122478485107,56.5883355140686,19.0,0.015734618151938162,251.75389043101063
C8_n500,tmle,500.0,500.0,500.0,8.015816097259522,7.541184364781785,6.441618084907532,2.93692319393158,15.762108230590814,1.7991082668304443,76.66598296165466,4007.9080486297607,19.0,0.341997556476032,1367.9902259041282
C8_n500,tmle (concrete),500.0,500.0,140.0,0.9845572471618652,0.5084366053941035,0.8872543573379517,0.4143124341964722,1.9399942755699155,0.3178889751434326,3.1722776889801025,137.83801460266113,19.0,0.047445500890413925,189.7820035616557
